crashID,name
20241115,Christmas
20246013,Christmas
20244016,Christmas
20241216,Christmas
20243007,Christmas
20244055,Christmas
20241094,Christmas
20243160,Christmas
20243209,Christmas
20244001,Christmas
20243176,Christmas
20241181,Christmas
20243110,Christmas
20244019,Christmas
20243220,Christmas
20243174,Christmas
20241166,Christmas
20241026,Christmas
20242001,Christmas
20246020,Christmas
20243255,Christmas
20241015,Christmas
20243219,Christmas
20242218,Christmas
20234108,Christmas
20231088,Christmas
20232211,Christmas
20233231,Christmas
20232237,Christmas
20234029,Christmas
20234053,Christmas
20232119,Christmas
20232243,Christmas
20234079,Christmas
20231023,Christmas
20233221,Christmas
20236006,Christmas
20236025,Christmas
20232009,Christmas
20232115,Christmas
20233110,Christmas
20231182,Christmas
20233155,Christmas
20234103,Christmas
20233164,Christmas
20232259,Christmas
20221099,Christmas
20221056,Christmas
20221187,Christmas
20223053,Christmas
20221184,Christmas
20224015,Christmas
20223141,Christmas
20223271,Christmas
20223108,Christmas
20221109,Christmas
20223173,Christmas
20221112,Christmas
20221061,Christmas
20224062,Christmas
20221047,Christmas
20223206,Christmas
20224032,Christmas
20223092,Christmas
20222056,Christmas
20222203,Christmas
20222053,Christmas
20221183,Christmas
20221115,Christmas
20222162,Christmas
20212172,Christmas
20212205,Christmas
20212157,Christmas
20213226,Christmas
20212108,Christmas
20211178,Christmas
20215156,Christmas
20215047,Christmas
20212013,Christmas
20214049,Christmas
20213006,Christmas
20214075,Christmas
20213162,Christmas
20213008,Christmas
20211133,Christmas
20211042,Christmas
20212133,Christmas
20215152,Christmas
20216018,Christmas
20211250,Christmas
20216010,Christmas
20211039,Christmas
20212030,Christmas
20215144,Christmas
20211194,Christmas
20213131,Christmas
20214076,Christmas
20217005,Christmas
20215085,Christmas
20212112,Christmas
20212093,Christmas
20203201,Christmas
20203050,Christmas
20206023,Christmas
20203134,Christmas
20203228,Christmas
20201006,Christmas
20204081,Christmas
20204004,Christmas
20201148,Christmas
20201100,Christmas
20202100,Christmas
20202188,Christmas
20203159,Christmas
20203163,Christmas
20201185,Christmas
20203063,Christmas
20204072,Christmas
20201059,Christmas
20202160,Christmas
20201093,Christmas
20203011,Christmas
20202040,Christmas
20202184,Christmas
20203207,Christmas
20201259,Christmas
20201178,Christmas
20202192,Christmas
20202064,Christmas
20204052,Christmas
20207010,Christmas
20191119,Christmas
20194003,Christmas
20197021,Christmas
20191214,Christmas
20191117,Christmas
20191133,Christmas
20194050,Christmas
20192016,Christmas
20192149,Christmas
20195142,Christmas
20191200,Christmas
20192082,Christmas
20191321,Christmas
20191250,Christmas
20195063,Christmas
20191105,Christmas
20194014,Christmas
20197010,Christmas
20194067,Christmas
20191065,Christmas
20191055,Christmas
20196007,Christmas
20193190,Christmas
20194027,Christmas
20191187,Christmas
20184025,Christmas
20181038,Christmas
20183039,Christmas
20182017,Christmas
20181166,Christmas
20183059,Christmas
20183043,Christmas
20182049,Christmas
20183149,Christmas
20182155,Christmas
20184027,Christmas
20183159,Christmas
20186030,Christmas
20182199,Christmas
20184038,Christmas
20183210,Christmas
20183022,Christmas
20183065,Christmas
20187036,Christmas
20184024,Christmas
20185097,Christmas
20186019,Christmas
20183140,Christmas
20186012,Christmas
20185036,Christmas
20182081,Christmas
20181170,Christmas
20181002,Christmas
20183085,Christmas
20181039,Christmas
20183121,Christmas
20182028,Christmas
20181263,Christmas
20181306,Christmas
20182027,Christmas
20181072,Christmas
20183070,Christmas
20185037,Christmas
20183038,Christmas
20188005,Christmas
20181242,Christmas
20181303,Christmas
20172064,Christmas
20175084,Christmas
20175053,Christmas
20171038,Christmas
20171311,Christmas
20173145,Christmas
20171096,Christmas
20172089,Christmas
20173091,Christmas
20171043,Christmas
20172022,Christmas
20174061,Christmas
20171266,Christmas
20172195,Christmas
20171061,Christmas
20173188,Christmas
20172167,Christmas
20174034,Christmas
20171343,Christmas
20171052,Christmas
20171242,Christmas
20172120,Christmas
20175142,Christmas
20171154,Christmas
20171159,Christmas
20173175,Christmas
20173225,Christmas
20172225,Christmas
20174023,Christmas
20173007,Christmas
20171347,Christmas
20171074,Christmas
20175082,Christmas
20173193,Christmas
20175058,Christmas
20175089,Christmas
20171136,Christmas
20175062,Christmas
20173018,Christmas
20165025,Christmas
20164048,Christmas
20165027,Christmas
20165081,Christmas
20164011,Christmas
20161004,Christmas
20167014,Christmas
20161244,Christmas
20161010,Christmas
20161066,Christmas
20164004,Christmas
20161320,Christmas
20161271,Christmas
20164037,Christmas
20161194,Christmas
20161168,Christmas
20165036,Christmas
20164044,Christmas
20161106,Christmas
20165159,Christmas
20166020,Christmas
20166028,Christmas
20158007,Christmas
201550039,Christmas
20158009,Christmas
20151051,Christmas
20151316,Christmas
20152225,Christmas
20151094,Christmas
20151141,Christmas
20152104,Christmas
20152088,Christmas
20152023,Christmas
20151002,Christmas
20157011,Christmas
20151028,Christmas
20151017,Christmas
20151054,Christmas
20152105,Christmas
20154073,Christmas
20151039,Christmas
20152022,Christmas
20156025,Christmas
20151145,Christmas
20154052,Christmas
20152228,Christmas
20156018,Christmas
20152094,Christmas
20155082,Christmas
20145066,Christmas
20144092,Christmas
20144084,Christmas
20144039,Christmas
20145117,Christmas
20144071,Christmas
20146013,Christmas
20144033,Christmas
20144093,Christmas
20144030,Christmas
20145108,Christmas
20246006,Easter
20241295,Easter
20243264,Easter
20241136,Easter
20242253,Easter
20242256,Easter
20241289,Easter
20241226,Easter
20244031,Easter
20242033,Easter
20243033,Easter
20243159,Easter
20242072,Easter
20243105,Easter
20241227,Easter
20244052,Easter
20241276,Easter
20231032,Easter
20236008,Easter
20231293,Easter
20233226,Easter
20233215,Easter
20231217,Easter
20237007,Easter
20236018,Easter
20232129,Easter
20234070,Easter
20231203,Easter
20233248,Easter
20228012,Easter
20221062,Easter
20223020,Easter
20221164,Easter
20221108,Easter
20222144,Easter
20226029,Easter
20223266,Easter
20222072,Easter
20223035,Easter
20221231,Easter
20222034,Easter
20221001,Easter
20221208,Easter
20226017,Easter
20222200,Easter
20213152,Easter
20217017,Easter
20211247,Easter
20213050,Easter
20213074,Easter
20215115,Easter
20214040,Easter
20214093,Easter
20211198,Easter
20212195,Easter
20215134,Easter
20211005,Easter
20212203,Easter
20215093,Easter
20213075,Easter
20213168,Easter
20212040,Easter
20211082,Easter
20216005,Easter
20212065,Easter
20211061,Easter
20212101,Easter
20205058,Easter
20201079,Easter
20204079,Easter
20201036,Easter
20201122,Easter
20203078,Easter
20203120,Easter
20194058,Easter
20193037,Easter
20192024,Easter
20193181,Easter
20192001,Easter
20197005,Easter
20191252,Easter
20192068,Easter
20195136,Easter
20196015,Easter
20194010,Easter
20195088,Easter
20191319,Easter
20193100,Easter
20191042,Easter
20196018,Easter
20193033,Easter
20191226,Easter
20185063,Easter
20181087,Easter
20185136,Easter
20187011,Easter
20181132,Easter
20183042,Easter
20183058,Easter
20181174,Easter
20186014,Easter
20187018,Easter
20182115,Easter
20183169,Easter
20183181,Easter
20184039,Easter
20175099,Easter
20172115,Easter
20173135,Easter
20171126,Easter
20171222,Easter
20172178,Easter
20171027,Easter
20172150,Easter
20171263,Easter
20177026,Easter
20171290,Easter
20165021,Easter
20165142,Easter
20161274,Easter
20164055,Easter
20167029,Easter
20161282,Easter
20165093,Easter
20155070,Easter
20154011,Easter
20151131,Easter
20152217,Easter
20152097,Easter
20152231,Easter
20155065,Easter
20151020,Easter
20152133,Easter
20151281,Easter
20157022,Easter
20145135,Easter
20145133,Easter
20146007,Easter
20145160,Easter
20145115,Easter
