crash_id,vehicle_type
20241068,bus
20241139,bus
20243008,bus
20241150,bus
20241211,bus
20241132,bus
20243074,bus
20243139,bus
20243154,bus
20241065,bus
20243094,bus
20241130,bus
20241158,bus
20243228,bus
20231044,bus
20233073,bus
20233195,bus
20231245,bus
20233030,bus
20231157,bus
20231080,bus
20231241,bus
20231054,bus
20221203,bus
20221082,bus
20227040,bus
20223209,bus
20221025,bus
20221256,bus
20221053,bus
20227021,bus
20222075,bus
20223269,bus
20221065,bus
20223237,bus
20221144,bus
20221182,bus
20223069,bus
20221041,bus
20217018,bus
20211185,bus
20215067,bus
20215147,bus
20215132,bus
20211162,bus
20213158,bus
20211257,bus
20212025,bus
20213021,bus
20214088,bus
20213147,bus
20214068,bus
20214033,bus
20202109,bus
20201201,bus
20203176,bus
20204005,bus
20205004,bus
20203148,bus
20201226,bus
20206018,bus
20201241,bus
20203245,bus
20201181,bus
20204009,bus
20206029,bus
20191101,bus
20191195,bus
20191193,bus
20195091,bus
20191244,bus
20195003,bus
20192030,bus
20191197,bus
20191042,bus
20194062,bus
20191145,bus
20191100,bus
20191053,bus
20194063,bus
20183089,bus
20185139,bus
20181170,bus
20182019,bus
20186003,bus
20183031,bus
20181023,bus
20181073,bus
20182074,bus
20182045,bus
20181239,bus
20183166,bus
20183098,bus
20185061,bus
20181181,bus
20182016,bus
20181015,bus
20181252,bus
20183072,bus
20172220,bus
20172231,bus
20177012,bus
20172125,bus
20173099,bus
20172217,bus
20175094,bus
20172185,bus
20173090,bus
20173023,bus
20171269,bus
20176016,bus
20177011,bus
20172176,bus
20173082,bus
20171166,bus
20171094,bus
20172105,bus
20175136,bus
20171075,bus
20171023,bus
20173087,bus
20173170,bus
20173032,bus
20173202,bus
20171330,bus
20164071,bus
20164059,bus
20161090,bus
20161170,bus
20161339,bus
20161300,bus
20165067,bus
20161289,bus
20166023,bus
20161326,bus
20165047,bus
20161315,bus
20161189,bus
20165161,bus
20161030,bus
20164018,bus
20161077,bus
20157019,bus
20152225,bus
20155116,bus
20152112,bus
20152142,bus
20151321,bus
20152069,bus
20152033,bus
20156005,bus
20151143,bus
20151128,bus
20154055,bus
20158002,bus
20155087,bus
20151248,bus
20151242,bus
20152024,bus
20145139,bus
20145116,bus
20144025,bus
20145121,bus
20145148,bus
20243243,heavy_rigid_truck
20241194,heavy_rigid_truck
20246004,heavy_rigid_truck
20243040,heavy_rigid_truck
20242052,heavy_rigid_truck
20242219,heavy_rigid_truck
20241160,heavy_rigid_truck
20242140,heavy_rigid_truck
20242022,heavy_rigid_truck
20243127,heavy_rigid_truck
20243070,heavy_rigid_truck
20242186,heavy_rigid_truck
20243135,heavy_rigid_truck
20246018,heavy_rigid_truck
20242170,heavy_rigid_truck
20243043,heavy_rigid_truck
20242043,heavy_rigid_truck
20243124,heavy_rigid_truck
20242032,heavy_rigid_truck
20243217,heavy_rigid_truck
20247022,heavy_rigid_truck
20246023,heavy_rigid_truck
20243164,heavy_rigid_truck
20242268,heavy_rigid_truck
20243092,heavy_rigid_truck
20242200,heavy_rigid_truck
20241010,heavy_rigid_truck
20241050,heavy_rigid_truck
20248008,heavy_rigid_truck
20243256,heavy_rigid_truck
20243137,heavy_rigid_truck
20241271,heavy_rigid_truck
20246006,heavy_rigid_truck
20243218,heavy_rigid_truck
20241281,heavy_rigid_truck
20241183,heavy_rigid_truck
20241025,heavy_rigid_truck
20242191,heavy_rigid_truck
20243025,heavy_rigid_truck
20241126,heavy_rigid_truck
20242065,heavy_rigid_truck
20242221,heavy_rigid_truck
20241244,heavy_rigid_truck
20243062,heavy_rigid_truck
20242190,heavy_rigid_truck
20241129,heavy_rigid_truck
20241242,heavy_rigid_truck
20241214,heavy_rigid_truck
20241272,heavy_rigid_truck
20242180,heavy_rigid_truck
20231056,heavy_rigid_truck
20232115,heavy_rigid_truck
20231285,heavy_rigid_truck
20233176,heavy_rigid_truck
20231303,heavy_rigid_truck
20231152,heavy_rigid_truck
20231292,heavy_rigid_truck
20231149,heavy_rigid_truck
20231274,heavy_rigid_truck
20231188,heavy_rigid_truck
20231234,heavy_rigid_truck
20233070,heavy_rigid_truck
20231011,heavy_rigid_truck
20231255,heavy_rigid_truck
20233229,heavy_rigid_truck
20233249,heavy_rigid_truck
20231087,heavy_rigid_truck
20231201,heavy_rigid_truck
20231089,heavy_rigid_truck
20232138,heavy_rigid_truck
20231291,heavy_rigid_truck
20233211,heavy_rigid_truck
20231090,heavy_rigid_truck
20232157,heavy_rigid_truck
20234091,heavy_rigid_truck
20231280,heavy_rigid_truck
20232147,heavy_rigid_truck
20233132,heavy_rigid_truck
20233018,heavy_rigid_truck
20232050,heavy_rigid_truck
20233233,heavy_rigid_truck
20231051,heavy_rigid_truck
20233067,heavy_rigid_truck
20232030,heavy_rigid_truck
20236034,heavy_rigid_truck
20233007,heavy_rigid_truck
20231079,heavy_rigid_truck
20233256,heavy_rigid_truck
20231122,heavy_rigid_truck
20233192,heavy_rigid_truck
20233116,heavy_rigid_truck
20233054,heavy_rigid_truck
20232102,heavy_rigid_truck
20233026,heavy_rigid_truck
20231131,heavy_rigid_truck
20231179,heavy_rigid_truck
20233084,heavy_rigid_truck
20231202,heavy_rigid_truck
20233194,heavy_rigid_truck
20232091,heavy_rigid_truck
20236023,heavy_rigid_truck
20233077,heavy_rigid_truck
20231275,heavy_rigid_truck
20233220,heavy_rigid_truck
20236002,heavy_rigid_truck
20232167,heavy_rigid_truck
20232055,heavy_rigid_truck
20232148,heavy_rigid_truck
20232060,heavy_rigid_truck
20231196,heavy_rigid_truck
20233149,heavy_rigid_truck
20233164,heavy_rigid_truck
20233174,heavy_rigid_truck
20221203,heavy_rigid_truck
20223148,heavy_rigid_truck
20223163,heavy_rigid_truck
20223272,heavy_rigid_truck
20221081,heavy_rigid_truck
20221188,heavy_rigid_truck
20226041,heavy_rigid_truck
20223029,heavy_rigid_truck
20226044,heavy_rigid_truck
20222111,heavy_rigid_truck
20223003,heavy_rigid_truck
20222191,heavy_rigid_truck
20223073,heavy_rigid_truck
20221174,heavy_rigid_truck
20222214,heavy_rigid_truck
20221239,heavy_rigid_truck
20227031,heavy_rigid_truck
20223203,heavy_rigid_truck
20223111,heavy_rigid_truck
20226015,heavy_rigid_truck
20223008,heavy_rigid_truck
20222181,heavy_rigid_truck
20223188,heavy_rigid_truck
20223038,heavy_rigid_truck
20222123,heavy_rigid_truck
20222132,heavy_rigid_truck
20223259,heavy_rigid_truck
20222060,heavy_rigid_truck
20221039,heavy_rigid_truck
20221003,heavy_rigid_truck
20223262,heavy_rigid_truck
20226037,heavy_rigid_truck
20221030,heavy_rigid_truck
20222092,heavy_rigid_truck
20223212,heavy_rigid_truck
20223048,heavy_rigid_truck
20221171,heavy_rigid_truck
20222055,heavy_rigid_truck
20222096,heavy_rigid_truck
20223083,heavy_rigid_truck
20222025,heavy_rigid_truck
20222099,heavy_rigid_truck
20222038,heavy_rigid_truck
20221124,heavy_rigid_truck
20221027,heavy_rigid_truck
20224045,heavy_rigid_truck
20222173,heavy_rigid_truck
20226018,heavy_rigid_truck
20221072,heavy_rigid_truck
20221076,heavy_rigid_truck
20223245,heavy_rigid_truck
20223200,heavy_rigid_truck
20222134,heavy_rigid_truck
20221172,heavy_rigid_truck
20221038,heavy_rigid_truck
20223007,heavy_rigid_truck
20223161,heavy_rigid_truck
20221142,heavy_rigid_truck
20223231,heavy_rigid_truck
20222039,heavy_rigid_truck
20221041,heavy_rigid_truck
20222116,heavy_rigid_truck
20221254,heavy_rigid_truck
20222007,heavy_rigid_truck
20226033,heavy_rigid_truck
20224048,heavy_rigid_truck
20223142,heavy_rigid_truck
20221154,heavy_rigid_truck
20212026,heavy_rigid_truck
20211133,heavy_rigid_truck
20215057,heavy_rigid_truck
20215150,heavy_rigid_truck
20211086,heavy_rigid_truck
20211242,heavy_rigid_truck
20211146,heavy_rigid_truck
20211025,heavy_rigid_truck
20213175,heavy_rigid_truck
20213154,heavy_rigid_truck
20211205,heavy_rigid_truck
20212113,heavy_rigid_truck
20211013,heavy_rigid_truck
20211085,heavy_rigid_truck
20212160,heavy_rigid_truck
20212034,heavy_rigid_truck
20211101,heavy_rigid_truck
20212011,heavy_rigid_truck
20212156,heavy_rigid_truck
20212056,heavy_rigid_truck
20211078,heavy_rigid_truck
20211152,heavy_rigid_truck
20211106,heavy_rigid_truck
20214059,heavy_rigid_truck
20213130,heavy_rigid_truck
20213165,heavy_rigid_truck
20214086,heavy_rigid_truck
20215089,heavy_rigid_truck
20215030,heavy_rigid_truck
20211029,heavy_rigid_truck
20214017,heavy_rigid_truck
20212071,heavy_rigid_truck
20211220,heavy_rigid_truck
20216033,heavy_rigid_truck
20213196,heavy_rigid_truck
20212074,heavy_rigid_truck
20215110,heavy_rigid_truck
20212210,heavy_rigid_truck
20211088,heavy_rigid_truck
20215005,heavy_rigid_truck
20217028,heavy_rigid_truck
20212022,heavy_rigid_truck
20213034,heavy_rigid_truck
20212099,heavy_rigid_truck
20211036,heavy_rigid_truck
20212166,heavy_rigid_truck
20215090,heavy_rigid_truck
20212091,heavy_rigid_truck
20216002,heavy_rigid_truck
20211005,heavy_rigid_truck
20211188,heavy_rigid_truck
20211137,heavy_rigid_truck
20211060,heavy_rigid_truck
20211149,heavy_rigid_truck
20212062,heavy_rigid_truck
20212139,heavy_rigid_truck
20215129,heavy_rigid_truck
20213011,heavy_rigid_truck
20211141,heavy_rigid_truck
20211032,heavy_rigid_truck
20211102,heavy_rigid_truck
20213184,heavy_rigid_truck
20212202,heavy_rigid_truck
20216007,heavy_rigid_truck
20203097,heavy_rigid_truck
20201118,heavy_rigid_truck
20201202,heavy_rigid_truck
20201058,heavy_rigid_truck
20201110,heavy_rigid_truck
20203015,heavy_rigid_truck
20201073,heavy_rigid_truck
20202131,heavy_rigid_truck
20201237,heavy_rigid_truck
20201045,heavy_rigid_truck
20204012,heavy_rigid_truck
20203068,heavy_rigid_truck
20202037,heavy_rigid_truck
20201121,heavy_rigid_truck
20205135,heavy_rigid_truck
20205102,heavy_rigid_truck
20201114,heavy_rigid_truck
20201262,heavy_rigid_truck
20204071,heavy_rigid_truck
20205027,heavy_rigid_truck
20205074,heavy_rigid_truck
20203236,heavy_rigid_truck
20201138,heavy_rigid_truck
20201016,heavy_rigid_truck
20202023,heavy_rigid_truck
20201159,heavy_rigid_truck
20201063,heavy_rigid_truck
20202050,heavy_rigid_truck
20203225,heavy_rigid_truck
20206015,heavy_rigid_truck
20205032,heavy_rigid_truck
20204075,heavy_rigid_truck
20204085,heavy_rigid_truck
20202034,heavy_rigid_truck
20205019,heavy_rigid_truck
20203229,heavy_rigid_truck
20203045,heavy_rigid_truck
20201019,heavy_rigid_truck
20203088,heavy_rigid_truck
20201194,heavy_rigid_truck
20201068,heavy_rigid_truck
20202002,heavy_rigid_truck
20202057,heavy_rigid_truck
20201099,heavy_rigid_truck
20201256,heavy_rigid_truck
20205070,heavy_rigid_truck
20202181,heavy_rigid_truck
20203082,heavy_rigid_truck
20201228,heavy_rigid_truck
20202137,heavy_rigid_truck
20203019,heavy_rigid_truck
20205021,heavy_rigid_truck
20201069,heavy_rigid_truck
20202136,heavy_rigid_truck
20201015,heavy_rigid_truck
20201103,heavy_rigid_truck
20201203,heavy_rigid_truck
20201190,heavy_rigid_truck
20201199,heavy_rigid_truck
20202115,heavy_rigid_truck
20201134,heavy_rigid_truck
20203149,heavy_rigid_truck
20192176,heavy_rigid_truck
20194076,heavy_rigid_truck
20192247,heavy_rigid_truck
20193029,heavy_rigid_truck
20191313,heavy_rigid_truck
20193129,heavy_rigid_truck
20192206,heavy_rigid_truck
20191230,heavy_rigid_truck
20192137,heavy_rigid_truck
20194025,heavy_rigid_truck
20192165,heavy_rigid_truck
20195027,heavy_rigid_truck
20191193,heavy_rigid_truck
20191273,heavy_rigid_truck
20193146,heavy_rigid_truck
20192213,heavy_rigid_truck
20191175,heavy_rigid_truck
20193161,heavy_rigid_truck
20191285,heavy_rigid_truck
20192158,heavy_rigid_truck
20193008,heavy_rigid_truck
20194018,heavy_rigid_truck
20194083,heavy_rigid_truck
20193022,heavy_rigid_truck
20191070,heavy_rigid_truck
20191165,heavy_rigid_truck
20192034,heavy_rigid_truck
20193070,heavy_rigid_truck
20195020,heavy_rigid_truck
20195001,heavy_rigid_truck
20197025,heavy_rigid_truck
20192184,heavy_rigid_truck
20192188,heavy_rigid_truck
20191178,heavy_rigid_truck
20191297,heavy_rigid_truck
20193101,heavy_rigid_truck
20193125,heavy_rigid_truck
20192075,heavy_rigid_truck
20191011,heavy_rigid_truck
20193061,heavy_rigid_truck
20192035,heavy_rigid_truck
20191253,heavy_rigid_truck
20191217,heavy_rigid_truck
20192191,heavy_rigid_truck
20195055,heavy_rigid_truck
20191056,heavy_rigid_truck
20191140,heavy_rigid_truck
20191134,heavy_rigid_truck
20195128,heavy_rigid_truck
20191227,heavy_rigid_truck
20192067,heavy_rigid_truck
20193122,heavy_rigid_truck
20192036,heavy_rigid_truck
20191247,heavy_rigid_truck
20191080,heavy_rigid_truck
20192194,heavy_rigid_truck
20191221,heavy_rigid_truck
20193184,heavy_rigid_truck
20192110,heavy_rigid_truck
20193175,heavy_rigid_truck
20193035,heavy_rigid_truck
20191224,heavy_rigid_truck
20191245,heavy_rigid_truck
20191104,heavy_rigid_truck
20193193,heavy_rigid_truck
20192093,heavy_rigid_truck
20192159,heavy_rigid_truck
20191123,heavy_rigid_truck
20191192,heavy_rigid_truck
20192058,heavy_rigid_truck
20196022,heavy_rigid_truck
20191046,heavy_rigid_truck
20194109,heavy_rigid_truck
20192145,heavy_rigid_truck
20191288,heavy_rigid_truck
20191323,heavy_rigid_truck
20191036,heavy_rigid_truck
20191040,heavy_rigid_truck
20195071,heavy_rigid_truck
20192081,heavy_rigid_truck
20185097,heavy_rigid_truck
20181269,heavy_rigid_truck
20183171,heavy_rigid_truck
20184044,heavy_rigid_truck
20182029,heavy_rigid_truck
20181042,heavy_rigid_truck
20181244,heavy_rigid_truck
20182192,heavy_rigid_truck
20183007,heavy_rigid_truck
20181010,heavy_rigid_truck
20181225,heavy_rigid_truck
20181082,heavy_rigid_truck
20185062,heavy_rigid_truck
20183044,heavy_rigid_truck
20182068,heavy_rigid_truck
20182142,heavy_rigid_truck
20181035,heavy_rigid_truck
20186023,heavy_rigid_truck
20181008,heavy_rigid_truck
20181158,heavy_rigid_truck
20181125,heavy_rigid_truck
20181095,heavy_rigid_truck
20183063,heavy_rigid_truck
20181029,heavy_rigid_truck
20183206,heavy_rigid_truck
20184034,heavy_rigid_truck
20185115,heavy_rigid_truck
20188003,heavy_rigid_truck
20181147,heavy_rigid_truck
20183083,heavy_rigid_truck
20182117,heavy_rigid_truck
20183013,heavy_rigid_truck
20185125,heavy_rigid_truck
20181080,heavy_rigid_truck
20183138,heavy_rigid_truck
20183073,heavy_rigid_truck
20181134,heavy_rigid_truck
20181245,heavy_rigid_truck
20182128,heavy_rigid_truck
20182144,heavy_rigid_truck
20182108,heavy_rigid_truck
20184032,heavy_rigid_truck
20184019,heavy_rigid_truck
20181047,heavy_rigid_truck
20181007,heavy_rigid_truck
20182067,heavy_rigid_truck
20183174,heavy_rigid_truck
20181164,heavy_rigid_truck
20184075,heavy_rigid_truck
20183030,heavy_rigid_truck
20183005,heavy_rigid_truck
20181229,heavy_rigid_truck
20185099,heavy_rigid_truck
20181191,heavy_rigid_truck
20186018,heavy_rigid_truck
20181092,heavy_rigid_truck
20181320,heavy_rigid_truck
20181195,heavy_rigid_truck
20181028,heavy_rigid_truck
20183045,heavy_rigid_truck
20182200,heavy_rigid_truck
20175117,heavy_rigid_truck
20176023,heavy_rigid_truck
20172046,heavy_rigid_truck
20172053,heavy_rigid_truck
20173127,heavy_rigid_truck
20171277,heavy_rigid_truck
20171159,heavy_rigid_truck
20175054,heavy_rigid_truck
20175119,heavy_rigid_truck
20175043,heavy_rigid_truck
20175078,heavy_rigid_truck
20172020,heavy_rigid_truck
20172102,heavy_rigid_truck
20171116,heavy_rigid_truck
20172013,heavy_rigid_truck
20174035,heavy_rigid_truck
20171146,heavy_rigid_truck
20172230,heavy_rigid_truck
20176032,heavy_rigid_truck
20172099,heavy_rigid_truck
20175035,heavy_rigid_truck
20174067,heavy_rigid_truck
20171025,heavy_rigid_truck
20171315,heavy_rigid_truck
20175033,heavy_rigid_truck
20176027,heavy_rigid_truck
20171119,heavy_rigid_truck
20171139,heavy_rigid_truck
20171163,heavy_rigid_truck
20173212,heavy_rigid_truck
20175059,heavy_rigid_truck
20175101,heavy_rigid_truck
20172166,heavy_rigid_truck
20171252,heavy_rigid_truck
20171281,heavy_rigid_truck
20175138,heavy_rigid_truck
20174064,heavy_rigid_truck
20171229,heavy_rigid_truck
20172126,heavy_rigid_truck
20171318,heavy_rigid_truck
20172144,heavy_rigid_truck
20171125,heavy_rigid_truck
20172186,heavy_rigid_truck
20172084,heavy_rigid_truck
20173037,heavy_rigid_truck
20171056,heavy_rigid_truck
20173126,heavy_rigid_truck
20171039,heavy_rigid_truck
20173129,heavy_rigid_truck
20175063,heavy_rigid_truck
20176026,heavy_rigid_truck
20175091,heavy_rigid_truck
20171070,heavy_rigid_truck
20173082,heavy_rigid_truck
20175152,heavy_rigid_truck
20172081,heavy_rigid_truck
20173156,heavy_rigid_truck
20171220,heavy_rigid_truck
20173066,heavy_rigid_truck
20173178,heavy_rigid_truck
20171137,heavy_rigid_truck
20172033,heavy_rigid_truck
20172213,heavy_rigid_truck
20175135,heavy_rigid_truck
20174029,heavy_rigid_truck
20171265,heavy_rigid_truck
20171255,heavy_rigid_truck
20171014,heavy_rigid_truck
20173112,heavy_rigid_truck
20171044,heavy_rigid_truck
20172015,heavy_rigid_truck
20171114,heavy_rigid_truck
20175003,heavy_rigid_truck
20172179,heavy_rigid_truck
20176030,heavy_rigid_truck
20172060,heavy_rigid_truck
20171153,heavy_rigid_truck
20171190,heavy_rigid_truck
20174039,heavy_rigid_truck
20175128,heavy_rigid_truck
20171287,heavy_rigid_truck
20171083,heavy_rigid_truck
20171347,heavy_rigid_truck
20171320,heavy_rigid_truck
20173157,heavy_rigid_truck
20171136,heavy_rigid_truck
20161340,heavy_rigid_truck
20165113,heavy_rigid_truck
20165117,heavy_rigid_truck
20161261,heavy_rigid_truck
20161053,heavy_rigid_truck
20161223,heavy_rigid_truck
20164016,heavy_rigid_truck
20161116,heavy_rigid_truck
20161209,heavy_rigid_truck
20165109,heavy_rigid_truck
20161181,heavy_rigid_truck
20161003,heavy_rigid_truck
20161215,heavy_rigid_truck
20161302,heavy_rigid_truck
20161291,heavy_rigid_truck
20164054,heavy_rigid_truck
20161033,heavy_rigid_truck
20165028,heavy_rigid_truck
20165099,heavy_rigid_truck
20161293,heavy_rigid_truck
20161265,heavy_rigid_truck
20161155,heavy_rigid_truck
20161310,heavy_rigid_truck
20164046,heavy_rigid_truck
20165063,heavy_rigid_truck
20161065,heavy_rigid_truck
20161133,heavy_rigid_truck
20161342,heavy_rigid_truck
20164068,heavy_rigid_truck
20161139,heavy_rigid_truck
20165021,heavy_rigid_truck
20161337,heavy_rigid_truck
20161348,heavy_rigid_truck
20161220,heavy_rigid_truck
20161345,heavy_rigid_truck
20161105,heavy_rigid_truck
20161158,heavy_rigid_truck
20161114,heavy_rigid_truck
20161121,heavy_rigid_truck
20161213,heavy_rigid_truck
20161249,heavy_rigid_truck
20166011,heavy_rigid_truck
20165118,heavy_rigid_truck
20152011,heavy_rigid_truck
20152139,heavy_rigid_truck
20152172,heavy_rigid_truck
20151197,heavy_rigid_truck
20151185,heavy_rigid_truck
20151066,heavy_rigid_truck
20156021,heavy_rigid_truck
20151172,heavy_rigid_truck
20151117,heavy_rigid_truck
20156026,heavy_rigid_truck
20152120,heavy_rigid_truck
20155015,heavy_rigid_truck
20152123,heavy_rigid_truck
20152138,heavy_rigid_truck
20152007,heavy_rigid_truck
20151003,heavy_rigid_truck
20151244,heavy_rigid_truck
20151269,heavy_rigid_truck
20151190,heavy_rigid_truck
20151171,heavy_rigid_truck
20156022,heavy_rigid_truck
20152145,heavy_rigid_truck
20155092,heavy_rigid_truck
20157001,heavy_rigid_truck
20152026,heavy_rigid_truck
20152227,heavy_rigid_truck
20151288,heavy_rigid_truck
20151035,heavy_rigid_truck
20151163,heavy_rigid_truck
20155133,heavy_rigid_truck
20155131,heavy_rigid_truck
20152197,heavy_rigid_truck
20154037,heavy_rigid_truck
20156029,heavy_rigid_truck
20151253,heavy_rigid_truck
20151169,heavy_rigid_truck
20151198,heavy_rigid_truck
20152085,heavy_rigid_truck
20155069,heavy_rigid_truck
20151076,heavy_rigid_truck
20155036,heavy_rigid_truck
20152132,heavy_rigid_truck
20151219,heavy_rigid_truck
20151210,heavy_rigid_truck
20152212,heavy_rigid_truck
20152195,heavy_rigid_truck
20155104,heavy_rigid_truck
20152207,heavy_rigid_truck
20151246,heavy_rigid_truck
20152047,heavy_rigid_truck
20151014,heavy_rigid_truck
20152205,heavy_rigid_truck
20151193,heavy_rigid_truck
20154004,heavy_rigid_truck
20155098,heavy_rigid_truck
20156004,heavy_rigid_truck
20144078,heavy_rigid_truck
20145158,heavy_rigid_truck
20144086,heavy_rigid_truck
20145094,heavy_rigid_truck
20144036,heavy_rigid_truck
20144048,heavy_rigid_truck
20145171,heavy_rigid_truck
20145172,heavy_rigid_truck
20145102,heavy_rigid_truck
20144091,heavy_rigid_truck
20145087,heavy_rigid_truck
20144028,heavy_rigid_truck
20144018,heavy_rigid_truck
20146001,heavy_rigid_truck
20146029,heavy_rigid_truck
20144055,heavy_rigid_truck
20144008,heavy_rigid_truck
20146022,heavy_rigid_truck
20145046,heavy_rigid_truck
20145168,heavy_rigid_truck
20145058,heavy_rigid_truck
20144083,heavy_rigid_truck
20241054,articulated_truck
20241101,articulated_truck
20241068,articulated_truck
20241291,articulated_truck
20243044,articulated_truck
20241181,articulated_truck
20241194,articulated_truck
20241197,articulated_truck
20243213,articulated_truck
20242023,articulated_truck
20243153,articulated_truck
20241173,articulated_truck
20246004,articulated_truck
20243040,articulated_truck
20241247,articulated_truck
20243144,articulated_truck
20241235,articulated_truck
20243129,articulated_truck
20243017,articulated_truck
20241081,articulated_truck
20241209,articulated_truck
20243158,articulated_truck
20243082,articulated_truck
20242040,articulated_truck
20243261,articulated_truck
20243233,articulated_truck
20246018,articulated_truck
20243021,articulated_truck
20243251,articulated_truck
20246023,articulated_truck
20241293,articulated_truck
20241243,articulated_truck
20242024,articulated_truck
20241298,articulated_truck
20241208,articulated_truck
20242259,articulated_truck
20243120,articulated_truck
20243116,articulated_truck
20243214,articulated_truck
20241190,articulated_truck
20241010,articulated_truck
20243263,articulated_truck
20243053,articulated_truck
20243271,articulated_truck
20243097,articulated_truck
20242182,articulated_truck
20241120,articulated_truck
20242223,articulated_truck
20241083,articulated_truck
20244011,articulated_truck
20241025,articulated_truck
20242113,articulated_truck
20241206,articulated_truck
20241043,articulated_truck
20243112,articulated_truck
20242244,articulated_truck
20243045,articulated_truck
20241226,articulated_truck
20241156,articulated_truck
20242258,articulated_truck
20242054,articulated_truck
20241075,articulated_truck
20243230,articulated_truck
20241121,articulated_truck
20243016,articulated_truck
20241225,articulated_truck
20241084,articulated_truck
20241129,articulated_truck
20241064,articulated_truck
20241001,articulated_truck
20241191,articulated_truck
20241280,articulated_truck
20241193,articulated_truck
20243219,articulated_truck
20233145,articulated_truck
20231189,articulated_truck
20232192,articulated_truck
20231091,articulated_truck
20232098,articulated_truck
20232128,articulated_truck
20232061,articulated_truck
20231111,articulated_truck
20231283,articulated_truck
20231206,articulated_truck
20231068,articulated_truck
20232074,articulated_truck
20231067,articulated_truck
20233143,articulated_truck
20233014,articulated_truck
20234109,articulated_truck
20233247,articulated_truck
20231101,articulated_truck
20233001,articulated_truck
20231289,articulated_truck
20233119,articulated_truck
20233123,articulated_truck
20233105,articulated_truck
20233232,articulated_truck
20231204,articulated_truck
20232210,articulated_truck
20233135,articulated_truck
20233005,articulated_truck
20233252,articulated_truck
20231221,articulated_truck
20231135,articulated_truck
20233140,articulated_truck
20231113,articulated_truck
20232145,articulated_truck
20231183,articulated_truck
20231051,articulated_truck
20232187,articulated_truck
20231021,articulated_truck
20231211,articulated_truck
20236034,articulated_truck
20231219,articulated_truck
20232038,articulated_truck
20233203,articulated_truck
20233112,articulated_truck
20232180,articulated_truck
20233243,articulated_truck
20231137,articulated_truck
20231298,articulated_truck
20232032,articulated_truck
20231230,articulated_truck
20231269,articulated_truck
20233257,articulated_truck
20231186,articulated_truck
20237002,articulated_truck
20231031,articulated_truck
20236023,articulated_truck
20236002,articulated_truck
20234074,articulated_truck
20231114,articulated_truck
20231130,articulated_truck
20231121,articulated_truck
20231069,articulated_truck
20232149,articulated_truck
20232075,articulated_truck
20233037,articulated_truck
20232100,articulated_truck
20232233,articulated_truck
20233147,articulated_truck
20233124,articulated_truck
20233101,articulated_truck
20232164,articulated_truck
20233174,articulated_truck
20223173,articulated_truck
20221248,articulated_truck
20221012,articulated_truck
20223163,articulated_truck
20221233,articulated_truck
20223101,articulated_truck
20221116,articulated_truck
20221011,articulated_truck
20222211,articulated_truck
20222205,articulated_truck
20222180,articulated_truck
20223005,articulated_truck
20222191,articulated_truck
20223034,articulated_truck
20222014,articulated_truck
20222225,articulated_truck
20223147,articulated_truck
20222215,articulated_truck
20223170,articulated_truck
20221096,articulated_truck
20221232,articulated_truck
20221256,articulated_truck
20222044,articulated_truck
20222232,articulated_truck
20223218,articulated_truck
20227001,articulated_truck
20222028,articulated_truck
20222064,articulated_truck
20222011,articulated_truck
20223082,articulated_truck
20223172,articulated_truck
20223156,articulated_truck
20221028,articulated_truck
20222075,articulated_truck
20223273,articulated_truck
20221211,articulated_truck
20222096,articulated_truck
20223149,articulated_truck
20221125,articulated_truck
20221095,articulated_truck
20221196,articulated_truck
20224049,articulated_truck
20223260,articulated_truck
20222114,articulated_truck
20223225,articulated_truck
20221139,articulated_truck
20223094,articulated_truck
20223132,articulated_truck
20223137,articulated_truck
20221083,articulated_truck
20227010,articulated_truck
20222155,articulated_truck
20223267,articulated_truck
20223257,articulated_truck
20221034,articulated_truck
20223211,articulated_truck
20221068,articulated_truck
20223133,articulated_truck
20221241,articulated_truck
20227034,articulated_truck
20212161,articulated_truck
20213164,articulated_truck
20213187,articulated_truck
20214049,articulated_truck
20211174,articulated_truck
20211246,articulated_truck
20211164,articulated_truck
20212162,articulated_truck
20214020,articulated_truck
20212057,articulated_truck
20211140,articulated_truck
20214050,articulated_truck
20212185,articulated_truck
20211183,articulated_truck
20211213,articulated_truck
20213032,articulated_truck
20217014,articulated_truck
20214023,articulated_truck
20211207,articulated_truck
20212019,articulated_truck
20212049,articulated_truck
20213135,articulated_truck
20213177,articulated_truck
20211203,articulated_truck
20212077,articulated_truck
20213165,articulated_truck
20211048,articulated_truck
20215028,articulated_truck
20211197,articulated_truck
20213113,articulated_truck
20213232,articulated_truck
20213218,articulated_truck
20211118,articulated_truck
20211220,articulated_truck
20211057,articulated_truck
20212044,articulated_truck
20214066,articulated_truck
20216024,articulated_truck
20213073,articulated_truck
20212096,articulated_truck
20212149,articulated_truck
20213035,articulated_truck
20211221,articulated_truck
20213169,articulated_truck
20211012,articulated_truck
20213079,articulated_truck
20213180,articulated_truck
20213054,articulated_truck
20212022,articulated_truck
20211003,articulated_truck
20214052,articulated_truck
20211104,articulated_truck
20213171,articulated_truck
20213124,articulated_truck
20213225,articulated_truck
20215045,articulated_truck
20211053,articulated_truck
20215056,articulated_truck
20213060,articulated_truck
20213186,articulated_truck
20215100,articulated_truck
20211043,articulated_truck
20212174,articulated_truck
20211001,articulated_truck
20216002,articulated_truck
20215050,articulated_truck
20214083,articulated_truck
20215039,articulated_truck
20211098,articulated_truck
20213229,articulated_truck
20213036,articulated_truck
20213244,articulated_truck
20213014,articulated_truck
20214082,articulated_truck
20215146,articulated_truck
20212027,articulated_truck
20212083,articulated_truck
20212015,articulated_truck
20215027,articulated_truck
20213020,articulated_truck
20211037,articulated_truck
20213189,articulated_truck
20213053,articulated_truck
20214092,articulated_truck
20213063,articulated_truck
20213094,articulated_truck
20213208,articulated_truck
20213138,articulated_truck
20211002,articulated_truck
20212197,articulated_truck
20211243,articulated_truck
20211112,articulated_truck
20212184,articulated_truck
20213018,articulated_truck
20213198,articulated_truck
20203228,articulated_truck
20205095,articulated_truck
20204004,articulated_truck
20205030,articulated_truck
20203181,articulated_truck
20201116,articulated_truck
20207009,articulated_truck
20202160,articulated_truck
20205023,articulated_truck
20205077,articulated_truck
20201197,articulated_truck
20203178,articulated_truck
20203197,articulated_truck
20203027,articulated_truck
20202088,articulated_truck
20203051,articulated_truck
20203172,articulated_truck
20203014,articulated_truck
20203220,articulated_truck
20202143,articulated_truck
20203205,articulated_truck
20202092,articulated_truck
20202062,articulated_truck
20203072,articulated_truck
20202058,articulated_truck
20201153,articulated_truck
20203173,articulated_truck
20203010,articulated_truck
20204067,articulated_truck
20201200,articulated_truck
20203250,articulated_truck
20201072,articulated_truck
20201088,articulated_truck
20201162,articulated_truck
20205074,articulated_truck
20201138,articulated_truck
20203043,articulated_truck
20203093,articulated_truck
20201080,articulated_truck
20201163,articulated_truck
20205033,articulated_truck
20203108,articulated_truck
20201004,articulated_truck
20202193,articulated_truck
20201233,articulated_truck
20201031,articulated_truck
20206027,articulated_truck
20203125,articulated_truck
20201131,articulated_truck
20201225,articulated_truck
20203112,articulated_truck
20203004,articulated_truck
20203086,articulated_truck
20202125,articulated_truck
20201036,articulated_truck
20201082,articulated_truck
20204006,articulated_truck
20203120,articulated_truck
20201014,articulated_truck
20201127,articulated_truck
20202162,articulated_truck
20203192,articulated_truck
20201216,articulated_truck
20202055,articulated_truck
20203180,articulated_truck
20201147,articulated_truck
20206001,articulated_truck
20202149,articulated_truck
20201108,articulated_truck
20202150,articulated_truck
20201123,articulated_truck
20202048,articulated_truck
20203067,articulated_truck
20202142,articulated_truck
20202167,articulated_truck
20203224,articulated_truck
20201178,articulated_truck
20201027,articulated_truck
20204049,articulated_truck
20202174,articulated_truck
20205079,articulated_truck
20203022,articulated_truck
20193148,articulated_truck
20193006,articulated_truck
20194053,articulated_truck
20192149,articulated_truck
20195074,articulated_truck
20192247,articulated_truck
20194072,articulated_truck
20194014,articulated_truck
20195119,articulated_truck
20192052,articulated_truck
20194086,articulated_truck
20192127,articulated_truck
20194077,articulated_truck
20191283,articulated_truck
20191141,articulated_truck
20192020,articulated_truck
20196002,articulated_truck
20194097,articulated_truck
20191199,articulated_truck
20195017,articulated_truck
20191020,articulated_truck
20191115,articulated_truck
20198004,articulated_truck
20193074,articulated_truck
20193118,articulated_truck
20191015,articulated_truck
20192062,articulated_truck
20193147,articulated_truck
20193021,articulated_truck
20194101,articulated_truck
20193162,articulated_truck
20193025,articulated_truck
20191070,articulated_truck
20196006,articulated_truck
20191124,articulated_truck
20193189,articulated_truck
20192030,articulated_truck
20191009,articulated_truck
20191137,articulated_truck
20192065,articulated_truck
20195021,articulated_truck
20195066,articulated_truck
20193065,articulated_truck
20195057,articulated_truck
20191235,articulated_truck
20195015,articulated_truck
20191194,articulated_truck
20191217,articulated_truck
20191173,articulated_truck
20192248,articulated_truck
20196027,articulated_truck
20194031,articulated_truck
20192094,articulated_truck
20193104,articulated_truck
20194058,articulated_truck
20192059,articulated_truck
20194105,articulated_truck
20194081,articulated_truck
20192235,articulated_truck
20194046,articulated_truck
20194091,articulated_truck
20191138,articulated_truck
20193131,articulated_truck
20193038,articulated_truck
20192192,articulated_truck
20196012,articulated_truck
20191166,articulated_truck
20191286,articulated_truck
20191122,articulated_truck
20192119,articulated_truck
20194041,articulated_truck
20191270,articulated_truck
20191032,articulated_truck
20193110,articulated_truck
20194002,articulated_truck
20193182,articulated_truck
20191294,articulated_truck
20194045,articulated_truck
20191135,articulated_truck
20192018,articulated_truck
20193081,articulated_truck
20191025,articulated_truck
20192040,articulated_truck
20192178,articulated_truck
20192097,articulated_truck
20195110,articulated_truck
20192009,articulated_truck
20194074,articulated_truck
20192136,articulated_truck
20194070,articulated_truck
20195030,articulated_truck
20194036,articulated_truck
20194027,articulated_truck
20192141,articulated_truck
20183154,articulated_truck
20185114,articulated_truck
20182071,articulated_truck
20183224,articulated_truck
20184024,articulated_truck
20183140,articulated_truck
20183161,articulated_truck
20182004,articulated_truck
20181031,articulated_truck
20181159,articulated_truck
20185044,articulated_truck
20183062,articulated_truck
20181168,articulated_truck
20182191,articulated_truck
20181213,articulated_truck
20185098,articulated_truck
20183044,articulated_truck
20181145,articulated_truck
20182135,articulated_truck
20183117,articulated_truck
20181064,articulated_truck
20183131,articulated_truck
20183100,articulated_truck
20183078,articulated_truck
20185126,articulated_truck
20183206,articulated_truck
20181197,articulated_truck
20181103,articulated_truck
20181222,articulated_truck
20183049,articulated_truck
20183127,articulated_truck
20182124,articulated_truck
20182033,articulated_truck
20186029,articulated_truck
20185014,articulated_truck
20183015,articulated_truck
20181161,articulated_truck
20183024,articulated_truck
20183202,articulated_truck
20182032,articulated_truck
20182053,articulated_truck
20183217,articulated_truck
20182077,articulated_truck
20181260,articulated_truck
20183221,articulated_truck
20184032,articulated_truck
20182104,articulated_truck
20181007,articulated_truck
20181102,articulated_truck
20181141,articulated_truck
20181068,articulated_truck
20185039,articulated_truck
20185030,articulated_truck
20181251,articulated_truck
20181034,articulated_truck
20183106,articulated_truck
20182085,articulated_truck
20183181,articulated_truck
20184039,articulated_truck
20183071,articulated_truck
20184066,articulated_truck
20182121,articulated_truck
20181153,articulated_truck
20182066,articulated_truck
20181155,articulated_truck
20183048,articulated_truck
20183094,articulated_truck
20181255,articulated_truck
20181195,articulated_truck
20183056,articulated_truck
20184061,articulated_truck
20185101,articulated_truck
20181262,articulated_truck
20183038,articulated_truck
20181272,articulated_truck
20171193,articulated_truck
20172022,articulated_truck
20173131,articulated_truck
20171061,articulated_truck
20175126,articulated_truck
20175078,articulated_truck
20173042,articulated_truck
20173215,articulated_truck
20175036,articulated_truck
20172107,articulated_truck
20171152,articulated_truck
20172132,articulated_truck
20174086,articulated_truck
20172079,articulated_truck
20171088,articulated_truck
20171275,articulated_truck
20171197,articulated_truck
20175086,articulated_truck
20175033,articulated_truck
20176027,articulated_truck
20173015,articulated_truck
20175059,articulated_truck
20172215,articulated_truck
20173024,articulated_truck
20171338,articulated_truck
20173076,articulated_truck
20172166,articulated_truck
20171164,articulated_truck
20171111,articulated_truck
20173160,articulated_truck
20173049,articulated_truck
20172139,articulated_truck
20171012,articulated_truck
20172025,articulated_truck
20172123,articulated_truck
20171142,articulated_truck
20171134,articulated_truck
20171219,articulated_truck
20174076,articulated_truck
20171144,articulated_truck
20171157,articulated_truck
20172084,articulated_truck
20171145,articulated_truck
20174027,articulated_truck
20171294,articulated_truck
20176029,articulated_truck
20172014,articulated_truck
20175011,articulated_truck
20174025,articulated_truck
20173023,articulated_truck
20175063,articulated_truck
20173085,articulated_truck
20171342,articulated_truck
20171200,articulated_truck
20171246,articulated_truck
20171054,articulated_truck
20171196,articulated_truck
20171162,articulated_truck
20173074,articulated_truck
20171220,articulated_truck
20171177,articulated_truck
20172072,articulated_truck
20171076,articulated_truck
20172086,articulated_truck
20171045,articulated_truck
20171021,articulated_truck
20171098,articulated_truck
20172119,articulated_truck
20172228,articulated_truck
20175120,articulated_truck
20172221,articulated_truck
20173192,articulated_truck
20172142,articulated_truck
20171108,articulated_truck
20174091,articulated_truck
20173088,articulated_truck
20171301,articulated_truck
20171210,articulated_truck
20174056,articulated_truck
20171080,articulated_truck
20173039,articulated_truck
20172170,articulated_truck
20173064,articulated_truck
20171120,articulated_truck
20171251,articulated_truck
20171130,articulated_truck
20171107,articulated_truck
20173123,articulated_truck
20173157,articulated_truck
20171136,articulated_truck
20172008,articulated_truck
20171330,articulated_truck
20165062,articulated_truck
20165081,articulated_truck
20161135,articulated_truck
20165113,articulated_truck
20167005,articulated_truck
20161262,articulated_truck
20164045,articulated_truck
20161251,articulated_truck
20164052,articulated_truck
20161272,articulated_truck
20161047,articulated_truck
20167013,articulated_truck
20167016,articulated_truck
20161116,articulated_truck
20164022,articulated_truck
20161138,articulated_truck
20168011,articulated_truck
20161230,articulated_truck
20161278,articulated_truck
20161169,articulated_truck
20161338,articulated_truck
20164067,articulated_truck
20165017,articulated_truck
20165084,articulated_truck
20161067,articulated_truck
20161325,articulated_truck
20161140,articulated_truck
20166009,articulated_truck
20164007,articulated_truck
20164001,articulated_truck
20164050,articulated_truck
20161263,articulated_truck
20166031,articulated_truck
20166015,articulated_truck
20161006,articulated_truck
20164002,articulated_truck
20161182,articulated_truck
20161287,articulated_truck
20164040,articulated_truck
20161282,articulated_truck
20161201,articulated_truck
20164027,articulated_truck
20165019,articulated_truck
20161355,articulated_truck
20167006,articulated_truck
20165148,articulated_truck
20165016,articulated_truck
20165159,articulated_truck
20161072,articulated_truck
20154091,articulated_truck
20152148,articulated_truck
20151103,articulated_truck
20151120,articulated_truck
20155081,articulated_truck
20151033,articulated_truck
20154013,articulated_truck
20154073,articulated_truck
20155080,articulated_truck
20151185,articulated_truck
20155112,articulated_truck
20152202,articulated_truck
20155071,articulated_truck
20151223,articulated_truck
20152170,articulated_truck
20151048,articulated_truck
20151122,articulated_truck
20152067,articulated_truck
20152053,articulated_truck
20152043,articulated_truck
20155130,articulated_truck
20151257,articulated_truck
20151126,articulated_truck
20151228,articulated_truck
20154041,articulated_truck
20154031,articulated_truck
20156011,articulated_truck
20151050,articulated_truck
20154094,articulated_truck
20151317,articulated_truck
20151208,articulated_truck
20151308,articulated_truck
20155094,articulated_truck
20154059,articulated_truck
20152107,articulated_truck
20152111,articulated_truck
20151069,articulated_truck
20158010,articulated_truck
20156023,articulated_truck
20151236,articulated_truck
20155093,articulated_truck
20151143,articulated_truck
20152029,articulated_truck
20152019,articulated_truck
20152037,articulated_truck
20151095,articulated_truck
20154003,articulated_truck
20152092,articulated_truck
20155131,articulated_truck
20151278,articulated_truck
20152062,articulated_truck
20152089,articulated_truck
20151091,articulated_truck
20151113,articulated_truck
20152180,articulated_truck
20151301,articulated_truck
20151096,articulated_truck
20154063,articulated_truck
20155128,articulated_truck
20151052,articulated_truck
20151036,articulated_truck
20155134,articulated_truck
20152032,articulated_truck
20152084,articulated_truck
20151005,articulated_truck
20151081,articulated_truck
20151248,articulated_truck
20151237,articulated_truck
20152134,articulated_truck
20152188,articulated_truck
20154008,articulated_truck
20151092,articulated_truck
20154064,articulated_truck
20152189,articulated_truck
20154048,articulated_truck
20155066,articulated_truck
20152143,articulated_truck
20151110,articulated_truck
20145101,articulated_truck
20145099,articulated_truck
20144002,articulated_truck
20145077,articulated_truck
20145074,articulated_truck
20144014,articulated_truck
20145163,articulated_truck
20146025,articulated_truck
20144044,articulated_truck
20144046,articulated_truck
20145031,articulated_truck
20144058,articulated_truck
20144029,articulated_truck
20144038,articulated_truck
20144016,articulated_truck
20144013,articulated_truck
20144079,articulated_truck
