time,time_of_day,christmas_period,easter_period,time_id
4:00,Night,Yes,No,0
6:15,Day,No,No,1
9:43,Day,Yes,No,2
10:35,Day,No,No,3
13:00,Day,No,No,4
13:39,Day,Yes,No,5
19:00,Night,No,No,6
19:30,Night,No,No,7
19:40,Night,No,No,8
22:42,Night,No,No,9
23:00,Night,No,No,10
23:10,Night,No,No,11
1:00,Night,No,No,12
9:00,Day,No,No,13
10:48,Day,No,No,14
12:05,Day,Yes,No,15
13:58,Day,No,No,16
14:00,Day,Yes,No,17
14:43,Day,No,No,18
16:00,Day,No,No,19
3:30,Night,No,No,20
4:00,Night,No,No,21
10:25,Day,No,No,22
10:36,Day,Yes,No,23
12:10,Day,Yes,No,25
14:50,Day,Yes,No,29
15:00,Day,No,No,30
15:18,Day,No,No,31
15:25,Day,No,No,32
21:30,Night,No,No,34
2:00,Night,No,No,35
6:35,Day,No,No,37
8:09,Day,No,No,38
8:20,Day,No,No,39
11:20,Day,No,No,40
12:00,Day,No,No,41
12:35,Day,No,No,42
12:50,Day,No,No,43
14:15,Day,No,No,46
14:48,Day,No,No,47
18:20,Night,No,No,49
22:19,Night,No,No,50
1:39,Night,No,No,54
15:40,Day,No,No,56
8:30,Day,Yes,No,58
11:00,Day,Yes,No,59
13:30,Day,No,No,60
18:30,Night,Yes,No,62
21:10,Night,No,No,63
22:55,Night,No,No,64
23:55,Night,No,No,65
0:00,Night,Yes,No,66
12:25,Day,No,No,68
16:00,Day,Yes,No,69
17:00,Day,Yes,No,70
4:44,Night,No,No,72
7:05,Day,No,No,73
10:00,Day,No,No,74
10:50,Day,No,No,75
12:42,Day,No,No,76
14:30,Day,No,No,78
17:30,Day,No,No,79
18:00,Night,No,No,80
20:00,Night,No,No,81
22:35,Night,No,No,82
6:00,Day,No,No,83
6:23,Day,No,No,84
11:30,Day,No,No,85
12:12,Day,No,No,86
14:00,Day,No,No,88
14:20,Day,No,No,89
15:05,Day,No,No,90
15:07,Day,No,No,91
15:08,Day,No,No,92
15:38,Day,No,No,93
16:30,Day,No,No,94
17:57,Day,No,No,95
5:20,Night,No,No,98
9:25,Day,No,No,100
11:10,Day,No,No,103
17:20,Day,No,No,106
18:39,Night,No,No,108
21:00,Night,No,No,110
21:35,Night,No,No,112
23:24,Night,No,No,114
0:00,Night,No,No,115
1:30,Night,No,No,116
2:10,Night,No,No,117
3:00,Night,No,No,118
7:15,Day,No,No,121
8:10,Day,No,No,122
10:40,Day,No,No,123
11:00,Day,No,No,124
11:04,Day,No,No,125
14:45,Day,No,No,127
17:00,Day,No,No,128
0:01,Night,No,No,130
4:02,Night,No,No,134
5:45,Night,No,No,135
12:20,Day,No,No,138
17:25,Day,No,No,140
17:44,Day,No,No,141
18:15,Night,No,No,142
5:00,Night,No,No,143
10:45,Day,No,No,145
11:48,Day,No,No,148
11:58,Day,No,No,149
12:37,Day,No,No,153
12:55,Day,No,No,154
14:33,Day,No,No,155
16:40,Day,No,No,157
20:10,Night,No,No,159
17:15,Day,No,No,162
21:50,Night,No,No,164
22:08,Night,No,No,165
6:50,Day,No,No,166
11:22,Day,No,No,171
15:50,Day,No,No,173
16:22,Day,No,No,175
16:58,Day,No,No,176
17:50,Day,No,No,177
19:57,Night,No,No,178
22:20,Night,No,No,181
22:45,Night,No,No,182
23:38,Night,No,No,183
0:25,Night,No,No,184
6:30,Day,No,No,186
8:00,Day,No,No,187
5:06,Night,No,No,193
13:10,Day,No,No,197
3:45,Night,No,No,201
8:30,Day,No,No,202
9:49,Day,No,No,204
12:10,Day,No,No,206
13:29,Day,No,No,209
14:42,Day,No,No,212
15:35,Day,No,No,214
16:45,Day,No,No,216
4:50,Night,No,No,217
8:28,Day,No,No,220
13:54,Day,No,No,226
15:15,Day,No,No,227
16:35,Day,No,No,229
17:31,Day,No,No,231
0:18,Night,No,No,234
5:15,Night,No,No,236
20:20,Night,No,No,241
13:45,Day,No,No,242
15:34,Day,No,No,244
18:45,Night,No,No,248
21:27,Night,No,No,249
23:30,Night,No,No,250
2:42,Night,No,No,251
12:18,Day,No,No,254
12:40,Day,No,No,255
20:18,Night,No,No,260
20:30,Night,No,No,261
21:22,Night,No,No,263
10:09,Day,No,No,267
11:50,Day,No,No,268
17:38,Day,No,No,274
9:15,Day,No,No,277
10:05,Day,No,No,278
11:27,Day,No,No,279
15:47,Day,No,No,280
17:35,Day,No,No,282
19:06,Night,No,No,284
1:15,Night,No,No,288
3:15,Night,No,No,290
10:04,Day,No,No,291
19:45,Night,No,No,298
21:20,Night,No,No,299
5:25,Night,No,No,302
7:04,Day,No,No,304
12:17,Day,No,No,308
21:05,Night,No,No,309
12:36,Day,No,No,311
13:11,Day,No,No,315
15:20,Day,No,No,316
16:50,Day,No,No,317
17:46,Day,No,No,318
18:40,Night,No,No,319
22:06,Night,No,No,320
8:59,Day,No,No,328
17:45,Day,No,No,334
18:54,Night,No,No,337
19:55,Night,No,No,339
0:48,Night,No,No,341
5:38,Night,No,No,342
7:00,Day,No,No,343
9:30,Day,No,No,346
15:45,Day,No,No,348
17:01,Day,No,No,349
17:40,Day,No,No,350
19:48,Night,No,No,351
0:55,Night,No,No,352
14:54,Day,No,No,357
16:20,Day,No,No,358
18:16,Night,No,No,360
19:14,Night,No,No,362
23:25,Night,No,No,365
0:40,Night,No,No,367
6:48,Day,No,No,369
8:13,Day,No,No,370
12:28,Day,No,No,377
15:31,Day,No,No,379
15:55,Day,No,No,380
18:25,Night,No,No,382
21:52,Night,No,No,383
6:40,Day,No,No,385
10:23,Day,No,No,386
19:54,Night,No,No,389
20:40,Night,No,No,390
20:55,Night,No,No,391
9:35,Day,No,No,393
22:41,Night,No,No,397
11:46,Day,No,No,399
12:38,Day,No,No,401
8:05,Day,No,No,410
8:15,Day,No,No,411
11:28,Day,No,No,412
12:08,Day,No,No,413
13:20,Day,No,No,414
13:24,Day,No,No,415
19:20,Night,No,No,418
20:37,Night,No,No,419
22:00,Night,No,No,421
23:28,Night,No,No,423
0:30,Night,No,No,424
9:07,Day,No,No,428
19:25,Night,No,No,434
4:07,Night,No,No,436
9:26,Day,No,No,438
10:24,Day,No,No,439
10:41,Day,No,No,440
9:55,Day,No,No,455
11:53,Day,No,No,457
16:13,Day,No,No,461
6:20,Day,No,No,465
11:45,Day,No,No,468
14:10,Day,No,No,469
14:13,Day,No,No,470
15:30,Day,No,No,472
18:59,Night,No,No,476
1:35,Night,No,No,482
6:05,Day,No,No,483
13:59,Day,No,No,489
18:30,Night,No,No,493
22:22,Night,No,No,494
14:39,Day,No,No,499
16:48,Day,No,No,500
19:08,Night,No,No,504
21:04,Night,No,No,505
8:40,Day,No,No,508
13:38,Day,No,No,516
14:51,Day,No,No,517
19:10,Night,No,No,521
3:55,Night,No,No,528
9:13,Day,No,No,530
12:09,Day,No,No,535
12:15,Day,No,No,536
14:02,Day,No,No,539
16:15,Day,No,No,540
20:19,Night,No,No,542
23:15,Night,No,No,544
17:19,Day,No,No,546
19:18,Night,No,No,548
7:40,Day,No,No,552
11:29,Day,No,No,556
17:05,Day,No,No,559
0:41,Night,No,No,561
3:23,Night,No,No,562
13:35,Day,No,No,566
21:12,Night,No,No,570
18:10,Night,No,No,577
18:55,Night,No,No,578
21:45,Night,No,No,581
22:40,Night,No,No,582
17:54,Day,No,No,584
16:36,Day,No,No,587
16:32,Day,No,No,594
22:25,Night,No,No,597
22:38,Night,No,No,599
12:34,Day,No,No,605
6:29,Day,No,No,611
7:14,Day,No,No,612
22:48,Night,No,No,624
0:42,Night,No,No,628
4:42,Night,No,No,629
15:11,Day,No,No,635
16:08,Day,No,No,637
17:10,Day,No,No,638
18:26,Night,No,No,639
19:05,Night,No,No,641
19:13,Night,No,No,642
21:57,Night,No,No,643
12:48,Day,No,No,646
13:15,Day,No,No,649
18:36,Night,No,No,653
4:25,Night,No,No,657
7:22,Day,No,Yes,659
14:23,Day,No,Yes,664
16:00,Day,No,Yes,665
16:15,Day,No,Yes,666
19:33,Night,No,No,670
1:06,Night,No,No,671
2:30,Night,No,No,672
7:30,Day,No,No,673
22:26,Night,No,No,680
0:17,Night,No,No,683
9:12,Day,No,No,687
9:45,Day,No,No,688
13:39,Day,No,No,691
13:53,Day,No,No,693
2:09,Night,No,No,699
7:35,Day,No,No,705
11:12,Day,No,No,707
12:04,Day,No,No,708
13:33,Day,No,No,711
14:35,Day,No,No,712
18:56,Night,No,No,716
12:03,Day,No,No,720
4:45,Night,No,No,729
12:45,Day,No,No,731
1:19,Night,No,No,736
1:45,Night,No,No,737
3:25,Night,No,No,738
5:50,Night,No,No,741
11:24,Day,No,No,742
13:13,Day,No,No,745
14:05,Day,No,No,746
14:55,Day,No,No,747
15:58,Day,No,No,748
17:04,Day,No,No,750
17:10,Day,No,Yes,751
19:40,Night,No,Yes,752
19:55,Night,No,Yes,753
23:07,Night,No,No,759
6:25,Day,No,No,767
11:13,Day,No,Yes,768
13:32,Day,No,No,769
22:10,Night,No,No,774
23:40,Night,No,No,775
9:34,Day,No,No,777
11:05,Day,No,No,779
17:15,Day,No,Yes,782
19:35,Night,No,No,784
21:17,Night,No,Yes,785
22:00,Night,No,Yes,787
0:50,Night,No,No,788
6:00,Day,No,Yes,792
9:00,Day,No,Yes,793
10:00,Day,No,Yes,795
14:10,Day,No,Yes,798
17:05,Day,No,Yes,802
20:50,Night,No,No,805
23:10,Night,No,Yes,806
5:46,Night,No,No,807
7:10,Day,No,No,808
7:54,Day,No,No,809
2:04,Night,No,No,814
3:48,Night,No,No,820
7:17,Day,No,No,822
9:14,Day,No,No,826
20:26,Night,No,No,836
2:58,Night,No,No,837
5:30,Night,No,No,839
10:55,Day,No,No,842
16:25,Day,No,No,845
21:15,Night,No,No,850
11:38,Day,No,No,858
13:49,Day,No,No,862
19:58,Night,No,No,867
12:01,Day,No,No,875
14:25,Day,No,No,876
7:20,Day,No,No,881
12:30,Day,No,No,883
17:48,Day,No,No,887
20:15,Night,No,No,888
9:10,Day,No,No,893
13:22,Day,No,No,895
7:59,Day,No,No,898
13:42,Day,No,No,903
20:06,Night,No,No,906
16:14,Day,No,No,911
0:15,Night,No,No,918
8:20,Day,Yes,No,919
14:50,Day,No,No,920
15:15,Day,Yes,No,921
21:40,Night,No,No,926
23:50,Night,Yes,No,928
11:40,Day,No,No,930
15:57,Day,No,No,932
21:46,Night,No,No,933
22:30,Night,No,No,934
0:35,Night,No,No,935
16:26,Day,No,No,942
0:05,Night,No,No,945
0:10,Night,No,No,946
8:45,Day,No,No,949
11:21,Day,No,No,951
5:35,Night,No,No,958
22:00,Night,Yes,No,964
4:30,Night,No,No,965
11:55,Day,No,No,970
14:44,Day,Yes,No,973
20:12,Night,No,No,976
20:50,Night,Yes,No,977
21:31,Night,No,No,979
23:42,Night,No,No,980
23:50,Night,No,No,981
1:42,Night,Yes,No,982
4:15,Night,No,No,983
12:50,Day,Yes,No,988
16:55,Day,No,No,992
9:00,Day,Yes,No,999
10:15,Day,No,No,1000
12:16,Day,No,No,1002
12:43,Day,No,No,1003
15:24,Day,No,No,1005
23:18,Night,No,No,1009
17:18,Day,Yes,No,1022
18:29,Night,No,No,1023
20:09,Night,Yes,No,1026
20:49,Night,No,No,1027
22:15,Night,No,No,1029
10:28,Day,Yes,No,1034
14:04,Day,Yes,No,1038
16:25,Day,Yes,No,1039
18:45,Night,Yes,No,1042
21:16,Night,Yes,No,1043
7:21,Day,No,No,1047
8:48,Day,No,No,1049
10:01,Day,No,No,1050
12:08,Day,Yes,No,1051
15:21,Day,No,No,1054
2:05,Night,No,No,1058
10:50,Day,Yes,No,1059
12:46,Day,No,No,1061
13:17,Day,Yes,No,1062
6:24,Day,No,No,1068
8:55,Day,Yes,No,1072
15:10,Day,No,No,1074
2:20,Night,No,No,1079
9:24,Day,No,No,1081
13:19,Day,No,No,1083
13:25,Day,No,No,1084
21:09,Night,No,No,1085
23:20,Night,No,No,1086
3:20,Night,No,No,1099
9:40,Day,No,No,1102
13:50,Day,No,No,1104
23:45,Night,No,No,1108
10:30,Day,No,No,1110
20:16,Night,No,No,1114
11:18,Day,No,No,1116
15:37,Day,No,No,1118
18:50,Night,No,No,1120
23:17,Night,No,No,1123
8:19,Day,No,No,1126
9:09,Day,No,No,1132
16:01,Day,No,No,1140
6:31,Day,No,No,1144
23:08,Night,No,No,1149
10:20,Day,No,No,1154
12:22,Day,No,No,1168
16:53,Day,No,No,1181
2:47,Night,No,No,1183
10:10,Day,No,No,1184
20:45,Night,No,No,1191
21:21,Night,No,No,1192
1:07,Night,No,No,1193
3:08,Night,No,No,1194
5:09,Night,No,No,1195
11:03,Day,No,No,1201
13:05,Day,No,No,1212
14:52,Day,No,No,1214
22:02,Night,No,No,1218
22:47,Night,No,No,1219
7:29,Day,No,No,1223
20:05,Night,No,No,1235
22:57,Night,No,No,1240
4:20,Night,No,No,1241
12:19,Day,No,No,1245
16:52,Day,No,No,1250
0:44,Night,No,No,1255
2:40,Night,No,No,1257
14:24,Day,No,No,1269
23:39,Night,No,No,1278
1:22,Night,No,No,1279
3:03,Night,No,No,1280
9:53,Day,No,No,1283
23:32,Night,No,No,1293
0:27,Night,No,No,1294
2:15,Night,No,No,1295
18:01,Night,No,No,1309
18:35,Night,No,No,1310
15:41,Day,No,No,1318
7:55,Day,No,No,1324
17:17,Day,No,No,1330
18:14,Night,No,No,1332
22:50,Night,No,No,1337
5:40,Night,No,No,1340
8:04,Day,No,No,1352
16:09,Day,No,No,1355
19:15,Night,No,No,1358
4:19,Night,No,No,1373
10:27,Day,No,No,1376
15:32,Day,No,No,1381
18:46,Night,No,No,1383
5:10,Night,No,No,1400
19:36,Night,No,No,1408
8:21,Day,No,No,1414
6:49,Day,No,No,1429
10:39,Day,No,No,1432
14:32,Day,No,No,1435
17:34,Day,No,No,1438
18:12,Night,No,No,1440
6:10,Day,No,No,1444
8:29,Day,No,No,1445
14:04,Day,No,No,1450
20:13,Night,No,No,1457
20:59,Night,No,No,1458
13:40,Day,No,No,1466
20:42,Night,No,No,1470
23:34,Night,No,No,1477
9:02,Day,No,No,1482
1:38,Night,No,No,1491
11:54,Day,No,No,1496
13:27,Day,No,No,1498
14:03,Day,No,No,1500
14:40,Day,No,No,1501
4:37,Night,No,No,1508
5:04,Night,No,No,1509
6:08,Day,No,No,1510
15:06,Day,No,No,1513
5:48,Night,No,No,1525
8:39,Day,No,No,1528
15:53,Day,No,No,1534
0:59,Night,No,No,1538
6:55,Day,No,No,1540
8:36,Day,No,No,1541
7:06,Day,No,No,1560
18:57,Night,No,No,1565
16:42,Day,No,No,1569
17:37,Day,No,No,1570
17:49,Day,No,No,1571
14:53,Day,No,No,1577
16:12,Day,No,No,1578
11:39,Day,No,No,1589
18:43,Night,No,No,1593
19:49,Night,No,No,1600
13:09,Day,No,No,1604
17:58,Day,No,No,1605
23:27,Night,No,No,1610
11:32,Day,No,No,1614
17:03,Day,No,No,1623
21:39,Night,No,No,1629
21:56,Night,No,No,1630
15:03,Day,No,No,1636
15:39,Day,No,No,1644
23:58,Night,No,No,1649
6:45,Day,No,Yes,1650
9:19,Day,No,Yes,1654
9:25,Day,No,Yes,1655
14:19,Day,No,No,1656
15:26,Day,No,No,1657
18:00,Night,No,Yes,1659
6:45,Day,No,No,1662
13:00,Day,No,Yes,1663
13:04,Day,No,No,1664
23:28,Night,No,Yes,1667
0:21,Night,No,No,1668
3:34,Night,No,No,1671
14:29,Day,No,No,1675
16:54,Day,No,No,1676
6:25,Day,No,Yes,1682
19:12,Night,No,Yes,1685
2:00,Night,No,Yes,1692
10:44,Day,No,No,1696
14:28,Day,No,No,1699
14:30,Day,No,Yes,1704
0:45,Night,No,No,1708
15:02,Day,No,No,1711
23:09,Night,No,No,1714
14:38,Day,No,No,1733
17:42,Day,No,No,1737
10:34,Day,No,No,1742
9:50,Day,No,No,1759
11:19,Day,No,No,1761
13:55,Day,No,No,1764
17:24,Day,No,No,1775
8:50,Day,No,No,1778
13:47,Day,No,No,1783
19:47,Night,No,No,1787
21:14,Night,No,No,1788
21:23,Night,No,No,1789
7:49,Day,No,No,1791
6:39,Day,No,No,1802
6:43,Day,No,No,1803
7:32,Day,No,No,1805
14:09,Day,No,No,1809
19:50,Night,No,No,1813
10:53,Day,No,No,1816
10:26,Day,No,No,1826
12:21,Day,No,No,1827
15:59,Day,No,No,1840
7:43,Day,No,No,1846
12:49,Day,No,No,1850
2:25,Night,No,No,1857
12:27,Day,No,No,1861
19:19,Night,No,No,1867
10:52,Day,No,No,1873
19:22,Night,No,No,1877
14:49,Day,No,No,1880
16:39,Day,No,No,1882
20:01,Night,No,No,1885
4:55,Night,No,No,1889
16:04,Day,No,No,1898
18:34,Night,No,No,1902
18:41,Night,No,No,1903
2:30,Night,Yes,No,1907
7:38,Day,No,No,1909
7:45,Day,No,No,1910
10:12,Day,No,No,1919
12:56,Day,No,No,1921
16:24,Day,No,No,1922
18:32,Night,No,No,1925
10:00,Day,Yes,No,1930
15:36,Day,No,No,1940
0:24,Night,No,No,1941
6:07,Day,No,No,1943
7:50,Day,No,No,1946
11:43,Day,No,No,1950
12:02,Day,Yes,No,1954
15:49,Day,No,No,1958
16:31,Day,No,No,1959
16:47,Day,No,No,1960
6:19,Day,No,No,1962
13:14,Day,No,No,1964
14:59,Day,No,No,1966
16:43,Day,No,No,1969
20:27,Night,No,No,1974
1:20,Night,Yes,No,1975
15:25,Day,Yes,No,1977
16:40,Day,Yes,No,1979
17:59,Day,No,No,1984
20:15,Night,Yes,No,1986
21:19,Night,Yes,No,1987
8:00,Day,Yes,No,1992
12:00,Day,Yes,No,1996
12:45,Day,Yes,No,1999
11:15,Day,No,No,2012
13:53,Day,Yes,No,2017
16:34,Day,No,No,2019
18:49,Night,No,No,2020
22:12,Night,No,No,2022
12:37,Day,Yes,No,2023
19:30,Night,Yes,No,2024
20:10,Night,Yes,No,2027
20:00,Night,Yes,No,2037
20:54,Night,Yes,No,2038
1:10,Night,No,No,2039
8:25,Day,No,No,2042
21:29,Night,No,No,2049
11:25,Day,No,No,2053
12:57,Day,No,No,2055
0:16,Night,No,No,2059
0:20,Night,No,No,2060
19:29,Night,No,No,2073
23:11,Night,No,No,2076
16:41,Day,No,No,2086
16:46,Day,No,No,2098
22:29,Night,No,No,2101
8:16,Day,No,No,2108
10:57,Day,No,No,2110
12:06,Day,No,No,2111
13:23,Day,No,No,2118
21:33,Night,No,No,2121
0:14,Night,No,No,2122
19:28,Night,No,No,2127
19:38,Night,No,No,2128
21:03,Night,No,No,2131
19:03,Night,No,No,2135
5:23,Night,No,No,2140
9:41,Day,No,No,2142
16:03,Day,No,No,2146
20:24,Night,No,No,2149
22:52,Night,No,No,2151
16:10,Day,No,No,2166
17:11,Day,No,No,2173
19:17,Night,No,No,2179
10:13,Day,No,No,2182
23:56,Night,No,No,2190
18:05,Night,No,No,2201
18:13,Night,No,No,2203
18:48,Night,No,No,2204
8:52,Day,No,No,2212
16:18,Day,No,No,2218
9:05,Day,No,No,2221
13:37,Day,No,No,2223
2:14,Night,No,No,2230
20:09,Night,No,No,2243
3:46,Night,No,No,2245
7:46,Day,No,No,2246
9:56,Day,No,No,2250
8:35,Day,No,No,2262
3:02,Night,No,No,2277
22:05,Night,No,No,2284
13:18,Day,No,No,2299
20:25,Night,No,No,2304
20:29,Night,No,No,2305
3:59,Night,No,No,2307
17:39,Day,No,No,2315
17:29,Day,No,No,2324
20:57,Night,No,No,2327
6:04,Day,No,No,2329
10:08,Day,No,No,2331
21:58,Night,No,No,2336
23:41,Night,No,No,2337
1:29,Night,No,No,2339
12:05,Day,No,No,2343
18:42,Night,No,No,2348
16:51,Day,No,No,2373
6:44,Day,No,No,2378
1:50,Night,No,No,2384
0:28,Night,No,No,2389
7:33,Day,No,No,2393
23:29,Night,No,No,2401
4:10,Night,No,No,2403
7:02,Day,No,No,2413
19:26,Night,No,No,2424
8:18,Day,No,No,2426
13:08,Day,No,No,2451
14:47,Day,No,No,2452
1:18,Night,No,No,2457
6:09,Day,No,No,2459
10:38,Day,No,No,2460
15:48,Day,No,No,2464
3:54,Night,No,No,2467
20:07,Night,No,No,2492
17:28,Day,No,No,2499
7:52,Day,No,No,2506
12:39,Day,No,No,2507
14:23,Day,No,No,2508
4:40,Night,No,No,2517
8:38,Day,No,No,2518
20:43,Night,No,No,2525
0:26,Night,No,No,2539
7:11,Day,No,No,2571
17:12,Day,No,No,2577
17:36,Day,No,No,2578
21:44,Night,No,No,2579
5:26,Night,No,No,2583
10:16,Day,No,No,2585
4:20,Night,No,Yes,2597
11:10,Day,No,Yes,2599
12:00,Day,No,Yes,2600
12:52,Day,No,No,2601
12:58,Day,No,No,2602
20:37,Night,No,Yes,2605
4:10,Night,No,Yes,2608
4:30,Night,No,Yes,2609
6:30,Day,No,Yes,2611
19:56,Night,No,Yes,2617
5:02,Night,No,No,2620
6:18,Day,No,No,2621
9:38,Day,No,No,2623
4:48,Night,No,No,2634
16:05,Day,No,No,2645
3:00,Night,No,Yes,2648
14:40,Day,No,Yes,2654
17:22,Day,No,No,2658
18:17,Night,No,Yes,2659
21:53,Night,No,No,2662
23:15,Night,No,Yes,2663
11:14,Day,No,No,2665
16:02,Day,No,No,2673
8:37,Day,No,No,2682
20:47,Night,No,No,2709
21:17,Night,No,No,2711
0:54,Night,No,No,2713
13:17,Day,No,No,2717
23:46,Night,No,No,2723
14:01,Day,No,No,2730
20:35,Night,No,No,2735
11:47,Day,No,No,2739
14:57,Day,No,No,2750
0:07,Night,No,No,2758
6:42,Day,No,No,2761
9:11,Day,No,No,2777
12:11,Day,No,No,2778
18:44,Night,No,No,2786
19:21,Night,No,No,2792
3:50,Night,No,No,2801
11:35,Day,No,No,2804
14:27,Day,No,No,2807
14:31,Day,No,No,2808
16:57,Day,No,No,2813
15:56,Day,No,No,2824
21:24,Night,No,No,2827
20:02,Night,No,No,2845
16:16,Day,No,No,2855
21:59,Night,No,No,2858
19:09,Night,No,No,2870
20:44,Night,No,No,2872
2:00,Night,Yes,No,2876
9:20,Day,No,No,2877
14:18,Day,No,No,2879
16:30,Day,Yes,No,2881
16:38,Day,Yes,No,2882
6:30,Day,Yes,No,2886
10:45,Day,Yes,No,2887
18:17,Night,No,No,2892
1:11,Night,Yes,No,2895
9:43,Day,No,No,2913
12:13,Day,No,No,2915
16:44,Day,No,No,2919
1:25,Night,No,No,2928
16:29,Day,No,No,2931
5:37,Night,Yes,No,2941
7:51,Day,No,No,2944
11:48,Day,Yes,No,2947
12:32,Day,No,No,2948
13:31,Day,No,No,2949
15:10,Day,Yes,No,2952
19:12,Night,No,No,2954
21:00,Night,Yes,No,2957
23:12,Night,No,No,2959
10:20,Day,Yes,No,2962
21:10,Night,Yes,No,2969
23:16,Night,No,No,2970
8:46,Day,Yes,No,2972
11:02,Day,Yes,No,2975
14:40,Day,Yes,No,2977
15:00,Day,Yes,No,2978
21:25,Night,Yes,No,2981
11:31,Day,Yes,No,2993
16:37,Day,Yes,No,2998
19:35,Night,Yes,No,3001
21:20,Night,Yes,No,3002
23:00,Night,Yes,No,3003
23:10,Night,Yes,No,3004
11:49,Day,Yes,No,3010
13:07,Day,No,No,3015
5:42,Night,No,No,3019
13:20,Day,Yes,No,3024
1:14,Night,No,No,3033
17:27,Day,No,No,3057
0:37,Night,No,No,3061
11:16,Day,No,No,3066
20:17,Night,No,No,3069
2:34,Night,No,No,3072
7:24,Day,No,No,3074
19:39,Night,No,No,3079
8:31,Day,No,No,3080
2:55,Night,No,No,3094
7:25,Day,No,No,3096
10:21,Day,No,No,3099
9:23,Day,No,No,3117
23:36,Night,No,No,3123
3:40,Night,No,No,3126
14:41,Day,No,No,3131
17:06,Day,No,No,3136
17:55,Day,No,No,3138
18:58,Night,No,No,3151
7:58,Day,No,No,3155
11:44,Day,No,No,3161
16:37,Day,No,No,3168
17:16,Day,No,No,3170
19:59,Night,No,No,3172
3:14,Night,No,No,3181
6:17,Day,No,No,3182
23:33,Night,No,No,3193
7:08,Day,No,No,3196
14:16,Day,No,No,3205
7:42,Day,No,No,3211
8:23,Day,No,No,3212
22:16,Night,No,No,3218
22:44,Night,No,No,3234
10:19,Day,No,No,3244
10:32,Day,No,No,3254
5:55,Night,No,No,3263
7:27,Day,No,No,3265
9:48,Day,No,No,3267
13:16,Day,No,No,3270
22:01,Night,No,No,3282
8:32,Day,No,No,3285
6:13,Day,No,No,3294
8:06,Day,No,No,3296
11:33,Day,No,No,3298
14:46,Day,No,No,3299
15:33,Day,No,No,3301
18:27,Night,No,No,3321
11:37,Day,No,No,3353
15:52,Day,No,No,3362
5:12,Night,No,No,3368
16:11,Day,No,No,3372
20:14,Night,No,No,3398
21:55,Night,No,No,3399
9:17,Day,No,No,3405
14:08,Day,No,No,3408
22:32,Night,No,No,3414
1:59,Night,No,No,3415
7:09,Day,No,No,3421
7:37,Day,No,No,3422
1:23,Night,No,No,3436
3:57,Night,No,No,3437
1:40,Night,No,No,3445
8:24,Day,No,No,3450
20:48,Night,No,No,3459
21:41,Night,No,No,3460
5:14,Night,No,No,3470
11:34,Day,No,No,3477
5:58,Night,No,No,3486
8:34,Day,No,No,3499
1:05,Night,No,No,3507
12:23,Day,No,No,3509
10:11,Day,No,No,3519
11:52,Day,No,No,3520
23:05,Night,No,No,3539
7:31,Day,No,No,3543
8:51,Day,No,No,3544
13:06,Day,No,No,3547
9:29,Day,No,No,3563
11:01,Day,No,No,3565
13:28,Day,No,No,3568
16:19,Day,No,No,3572
17:41,Day,No,No,3574
23:22,Night,No,No,3582
10:37,Day,No,No,3587
12:59,Day,No,No,3613
2:13,Night,No,No,3624
6:52,Day,No,No,3626
9:37,Day,No,No,3628
20:32,Night,No,No,3633
1:52,Night,No,No,3635
10:14,Day,No,No,3637
18:02,Night,No,No,3645
21:25,Night,No,No,3648
10:18,Day,No,No,3651
21:08,Night,No,No,3656
5:00,Night,No,Yes,3662
20:20,Night,No,Yes,3672
21:00,Night,No,Yes,3673
11:00,Day,No,Yes,3676
15:45,Day,No,Yes,3678
17:30,Day,No,Yes,3679
1:57,Night,No,No,3680
2:30,Night,No,Yes,3681
4:25,Night,No,Yes,3682
6:58,Day,No,No,3687
9:15,Day,No,Yes,3688
12:55,Day,No,Yes,3691
14:20,Day,No,Yes,3692
15:54,Day,No,Yes,3695
14:36,Day,No,No,3706
20:28,Night,No,No,3711
5:20,Night,No,Yes,3714
10:43,Day,No,No,3716
12:15,Day,No,Yes,3719
16:23,Day,No,No,3725
10:22,Day,No,No,3735
17:47,Day,No,No,3738
22:28,Night,No,No,3740
18:23,Night,No,No,3754
20:41,Night,No,No,3756
1:08,Night,No,No,3757
9:57,Day,No,No,3778
15:42,Day,No,No,3785
1:49,Night,No,No,3790
4:56,Night,No,No,3792
10:31,Day,No,No,3794
12:02,Day,No,No,3797
8:55,Day,No,No,3809
10:59,Day,No,No,3810
22:21,Night,No,No,3813
11:49,Day,No,No,3817
3:19,Night,No,No,3827
9:47,Day,No,No,3830
23:37,Night,No,No,3878
1:03,Night,No,No,3881
2:45,Night,No,No,3882
9:44,Day,No,No,3884
20:39,Night,No,No,3905
21:51,Night,No,No,3907
23:57,Night,No,No,3920
14:44,Day,No,No,3927
1:00,Night,Yes,No,3934
6:27,Day,No,No,3936
7:25,Day,Yes,No,3937
14:30,Day,Yes,No,3944
0:31,Night,No,No,3951
3:12,Night,No,No,3962
21:48,Night,No,No,3968
1:24,Night,No,No,3971
8:49,Day,No,No,3976
19:16,Night,Yes,No,3986
19:31,Night,No,No,3987
19:58,Night,Yes,No,3988
9:58,Day,No,No,3996
17:13,Day,No,No,4003
23:19,Night,No,No,4007
0:13,Night,No,No,4008
6:03,Day,No,No,4009
11:17,Day,No,No,4011
17:26,Day,No,No,4017
7:01,Day,No,No,4020
6:00,Day,Yes,No,4029
7:00,Day,Yes,No,4030
18:33,Night,No,No,4036
21:28,Night,No,No,4040
11:20,Day,Yes,No,4050
8:01,Day,No,No,4058
8:07,Day,No,No,4059
9:35,Day,Yes,No,4069
11:09,Day,No,No,4073
13:40,Day,Yes,No,4075
3:25,Night,Yes,No,4078
10:24,Day,Yes,No,4079
13:15,Day,Yes,No,4082
23:23,Night,Yes,No,4089
7:33,Day,Yes,No,4091
0:40,Night,Yes,No,4102
16:45,Day,Yes,No,4110
21:13,Night,No,No,4115
6:01,Day,No,No,4140
22:37,Night,No,No,4159
7:22,Day,No,No,4167
15:54,Day,No,No,4190
3:05,Night,No,No,4210
17:08,Day,No,No,4241
2:33,Night,No,No,4245
17:51,Day,No,No,4260
1:17,Night,No,No,4266
23:49,Night,No,No,4277
5:44,Night,No,No,4279
22:49,Night,No,No,4289
5:05,Night,No,No,4292
16:07,Day,No,No,4296
3:33,Night,No,No,4303
6:33,Day,No,No,4306
3:11,Night,No,No,4327
9:18,Day,No,No,4329
3:43,Night,No,No,4341
23:35,Night,No,No,4358
19:34,Night,No,No,4396
2:12,Night,No,No,4421
16:33,Day,No,No,4436
2:31,Night,No,No,4460
5:34,Night,No,No,4461
17:53,Day,No,No,4476
19:23,Night,No,No,4478
12:24,Day,No,No,4494
18:06,Night,No,No,4501
13:43,Day,No,No,4511
13:48,Day,No,No,4528
10:17,Day,No,No,4540
16:38,Day,No,No,4542
18:04,Night,No,No,4566
8:44,Day,No,No,4571
8:56,Day,No,No,4585
15:19,Day,No,No,4590
19:51,Night,No,No,4594
11:59,Day,No,No,4603
0:32,Night,No,No,4622
14:21,Day,No,No,4633
3:39,Night,No,No,4643
7:13,Day,No,No,4664
19:46,Night,No,No,4670
23:48,Night,No,No,4674
2:57,Night,No,No,4684
7:34,Day,No,No,4685
4:39,Night,No,No,4735
6:41,Day,No,No,4749
17:54,Day,No,Yes,4752
20:30,Night,No,Yes,4753
21:28,Night,No,Yes,4757
7:50,Day,No,Yes,4763
13:03,Day,No,No,4766
9:35,Day,No,Yes,4777
13:26,Day,No,No,4779
15:00,Day,No,Yes,4780
17:00,Day,No,Yes,4783
22:54,Night,No,No,4784
13:57,Day,No,No,4792
5:59,Night,No,No,4794
17:18,Day,No,No,4799
0:33,Night,No,No,4802
6:53,Day,No,No,4806
6:47,Day,No,No,4831
15:16,Day,No,No,4839
4:17,Night,No,No,4847
4:21,Night,No,No,4848
4:23,Night,No,No,4849
4:49,Night,No,No,4850
15:17,Day,No,No,4859
19:27,Night,No,No,4862
23:04,Night,No,No,4865
2:35,Night,No,No,4869
22:27,Night,No,No,4880
3:10,Night,No,No,4894
4:05,Night,No,No,4895
19:16,Night,No,No,4906
5:07,Night,No,No,4908
13:41,Day,No,No,4914
14:17,Day,No,No,4915
15:14,Day,No,No,4916
2:26,Night,No,No,4921
18:18,Night,No,No,4943
2:18,Night,No,No,4948
23:23,Night,No,No,4965
5:49,Night,No,No,4968
18:19,Night,No,No,4976
0:57,Night,No,No,5002
15:43,Day,No,No,5009
17:09,Day,No,No,5012
19:00,Night,Yes,No,5024
22:01,Night,Yes,No,5025
23:47,Night,No,No,5029
14:18,Day,Yes,No,5064
4:22,Night,No,No,5078
2:59,Night,No,No,5087
12:58,Day,Yes,No,5092
22:17,Night,No,No,5095
9:30,Night,No,No,5099
14:15,Night,No,No,5105
14:18,Night,No,No,5106
6:12,Day,No,No,5114
14:39,Day,Yes,No,5120
6:10,Night,No,No,5126
15:45,Day,Yes,No,5133
20:30,Night,Yes,No,5135
22:32,Night,Yes,No,5139
12:18,Night,Yes,No,5145
21:06,Night,No,No,5153
0:05,Night,Yes,No,5156
4:51,Night,No,No,5157
6:25,Night,No,No,5159
7:14,Night,No,No,5161
14:30,Night,No,No,5163
14:50,Night,No,No,5164
17:05,Night,No,No,5165
21:26,Night,No,No,5167
7:20,Day,Yes,No,5173
9:00,Night,No,No,5175
10:29,Night,Yes,No,5177
20:58,Night,Yes,No,5182
5:07,Night,Yes,No,5188
7:10,Day,Yes,No,5189
18:49,Night,Yes,No,5197
5:22,Night,No,No,5201
9:12,Night,No,No,5204
16:50,Night,No,No,5210
3:18,Night,No,No,5214
16:16,Night,No,No,5242
10:48,Night,No,No,5249
16:35,Night,No,No,5255
17:32,Day,No,No,5257
15:20,Night,No,No,5263
15:29,Day,No,No,5264
10:40,Night,No,No,5273
14:00,Night,No,No,5275
21:18,Night,No,No,5281
7:23,Night,No,No,5287
22:09,Night,No,No,5294
10:37,Night,No,No,5296
11:04,Night,No,No,5298
14:55,Night,No,No,5300
2:16,Night,No,No,5305
13:05,Night,No,No,5330
15:59,Night,No,No,5333
16:45,Night,No,No,5335
9:06,Day,No,No,5348
15:22,Night,No,No,5352
12:03,Night,No,No,5364
12:33,Day,No,No,5365
7:15,Night,No,No,5376
8:24,Night,No,No,5377
1:20,Night,No,No,5385
2:28,Night,No,No,5386
13:52,Night,No,No,5393
14:40,Night,No,No,5394
12:55,Night,No,No,5413
21:34,Night,No,No,5419
11:07,Day,No,No,5422
12:15,Night,No,No,5428
13:51,Day,No,No,5429
10:50,Night,No,No,5440
12:26,Day,No,No,5441
6:30,Night,No,No,5447
15:05,Night,No,No,5456
13:10,Night,No,No,5467
20:38,Night,No,No,5471
13:00,Night,No,No,5479
12:53,Night,No,No,5494
15:34,Night,No,No,5498
15:57,Night,No,No,5499
12:04,Night,No,No,5508
16:15,Night,No,No,5527
0:02,Night,No,No,5534
15:51,Day,No,No,5544
2:50,Night,No,No,5550
13:56,Night,No,No,5576
17:45,Night,No,No,5577
14:56,Day,No,No,5586
16:17,Night,No,No,5591
16:00,Night,No,No,5606
16:41,Night,No,No,5607
16:06,Night,No,No,5621
5:32,Night,No,No,5625
11:20,Night,No,No,5626
17:07,Day,No,No,5632
8:17,Day,No,No,5638
8:47,Day,No,No,5639
16:21,Day,No,No,5640
18:21,Night,No,No,5642
23:44,Night,No,No,5644
6:40,Night,No,No,5647
15:50,Night,No,No,5649
8:57,Day,No,No,5655
12:00,Night,No,No,5657
12:11,Night,No,No,5658
14:12,Day,No,No,5659
14:14,Day,No,No,5661
15:31,Night,No,No,5675
1:11,Night,No,No,5677
5:03,Night,No,No,5680
8:27,Day,No,No,5681
10:45,Night,No,No,5682
15:46,Day,No,No,5686
16:22,Night,No,No,5707
13:30,Night,No,No,5715
21:38,Night,No,No,5724
16:20,Night,No,No,5736
15:10,Night,No,No,5747
10:42,Night,No,No,5757
14:27,Night,No,No,5763
2:19,Night,No,No,5774
7:38,Night,No,No,5777
12:30,Night,No,No,5783
15:45,Night,No,No,5785
16:05,Night,No,No,5796
17:00,Night,No,No,5797
5:51,Night,No,No,5806
8:05,Night,No,No,5807
7:08,Night,No,No,5819
10:35,Night,No,No,5823
16:38,Night,No,No,5837
0:57,Night,No,Yes,5842
2:40,Night,No,Yes,5846
6:20,Night,No,No,5848
6:45,Night,No,Yes,5849
8:14,Day,No,No,5850
11:15,Night,No,No,5851
11:32,Day,No,Yes,5852
13:45,Day,No,Yes,5854
19:15,Night,No,Yes,5861
20:36,Night,No,No,5862
20:45,Night,No,Yes,5863
5:52,Night,No,No,5867
9:54,Day,No,No,5869
11:10,Night,No,No,5870
20:11,Night,No,No,5875
0:04,Night,No,Yes,5876
2:27,Night,No,No,5877
4:28,Night,No,No,5878
7:15,Day,No,Yes,5879
10:41,Day,No,Yes,5881
23:00,Night,No,Yes,5889
1:13,Night,No,No,5891
4:32,Night,No,No,5893
13:56,Day,No,No,5896
16:53,Night,No,No,5900
18:20,Night,No,Yes,5902
0:20,Night,No,Yes,5904
10:20,Night,No,No,5915
16:30,Night,No,No,5924
17:51,Night,No,No,5937
15:56,Night,No,No,5949
17:21,Day,No,No,5953
6:35,Night,No,No,5956
9:20,Night,No,No,5958
11:32,Night,No,No,5960
17:56,Night,No,No,5978
5:54,Night,No,No,5989
13:15,Night,No,No,5996
15:00,Night,No,No,5998
8:10,Night,No,No,6009
9:27,Day,No,No,6042
2:52,Night,No,No,6050
3:13,Night,No,No,6051
10:42,Day,No,No,6054
11:36,Day,No,No,6055
12:10,Night,No,No,6056
6:02,Night,No,No,6061
2:08,Night,No,No,6068
15:23,Night,No,No,6074
17:24,Night,No,No,6076
8:20,Night,No,No,6097
11:52,Night,No,No,6116
7:57,Night,No,No,6127
8:00,Night,No,No,6128
15:30,Night,No,No,6132
12:29,Day,No,No,6144
16:07,Night,No,No,6147
16:27,Day,No,No,6148
11:11,Day,No,No,6156
12:40,Night,No,No,6159
12:50,Night,No,No,6160
7:26,Day,No,No,6174
7:00,Night,No,No,6189
17:30,Night,No,No,6196
7:03,Day,No,No,6207
9:03,Day,No,No,6209
11:25,Night,No,No,6210
13:30,Day,Yes,No,6212
13:53,Night,No,No,6214
15:55,Night,No,No,6219
2:35,Night,Yes,No,6223
3:15,Night,Yes,No,6224
4:35,Night,No,No,6225
10:29,Day,No,No,6228
14:35,Night,No,No,6243
22:40,Night,Yes,No,6253
1:45,Night,Yes,No,6255
9:30,Day,Yes,No,6273
18:00,Night,Yes,No,6275
20:45,Night,Yes,No,6281
3:45,Night,Yes,No,6283
10:06,Day,No,No,6287
14:15,Day,Yes,No,6289
17:45,Day,Yes,No,6291
9:40,Day,Yes,No,6301
13:00,Day,Yes,No,6305
22:14,Night,Yes,No,6312
11:35,Day,Yes,No,6315
13:49,Day,Yes,No,6319
7:48,Day,No,No,6336
12:31,Day,Yes,No,6337
12:53,Day,Yes,No,6338
17:23,Day,Yes,No,6341
18:35,Night,Yes,No,6342
20:58,Night,No,No,6345
16:49,Day,No,No,6357
9:32,Day,No,No,6381
0:08,Night,No,No,6400
6:32,Day,No,No,6403
14:22,Day,No,No,6410
7:39,Day,No,No,6417
3:35,Night,No,No,6441
15:44,Day,No,No,6458
5:21,Night,No,No,6466
13:12,Day,No,No,6487
10:49,Day,No,No,6509
1:31,Night,No,No,6518
1:54,Night,No,No,6520
19:42,Night,No,No,6536
22:03,Night,No,No,6552
16:28,Day,No,No,6565
21:16,Night,No,No,6571
20:22,Night,No,No,6586
20:54,Night,No,No,6587
7:19,Day,No,No,6604
10:46,Day,No,No,6605
15:27,Day,No,No,6620
4:24,Night,No,No,6639
5:56,Night,No,No,6708
6:11,Day,No,No,6733
11:26,Day,No,No,6736
22:53,Night,No,No,6753
4:38,Night,No,No,6761
0:29,Night,No,No,6772
8:43,Day,No,No,6775
5:16,Night,No,No,6810
9:36,Day,No,No,6843
23:06,Night,No,No,6865
1:42,Night,No,No,6908
8:53,Day,No,No,6928
10:56,Day,No,No,6929
18:45,Night,No,Yes,6995
9:04,Day,No,No,7005
11:33,Day,No,Yes,7016
12:30,Day,No,Yes,7018
15:30,Day,No,Yes,7021
19:00,Night,No,Yes,7029
18:37,Night,No,No,7045
7:00,Day,No,Yes,7060
11:13,Day,No,No,7068
19:24,Night,No,Yes,7082
20:34,Night,No,No,7098
7:57,Day,No,Yes,7108
12:40,Day,No,Yes,7111
14:50,Day,No,Yes,7114
8:00,Day,No,Yes,7132
10:30,Day,No,Yes,7136
15:13,Day,No,No,7139
7:18,Day,No,No,7145
23:54,Night,No,No,7218
7:16,Day,No,No,7221
6:46,Day,No,No,7233
6:26,Day,No,No,7252
10:28,Day,No,No,7254
0:10,Night,Yes,No,7262
1:41,Night,Yes,No,7264
2:43,Night,Yes,No,7265
3:50,Night,Yes,No,7266
5:50,Night,Yes,No,7267
8:45,Day,Yes,No,7268
6:37,Day,No,No,7286
5:30,Night,Yes,No,7322
12:14,Day,No,No,7339
14:37,Day,No,No,7344
19:01,Night,No,No,7347
5:39,Night,No,No,7351
7:46,Day,Yes,No,7352
5:06,Night,Yes,No,7368
10:15,Day,Yes,No,7374
21:42,Night,No,No,7382
11:30,Day,Yes,No,7390
16:46,Day,Yes,No,7397
22:13,Night,No,No,7404
22:45,Night,Yes,No,7405
18:47,Night,No,No,7416
19:34,Night,Yes,No,7417
8:57,Day,Yes,No,7423
16:44,Day,Yes,No,7436
20:40,Night,Yes,No,7441
22:07,Night,Yes,No,7444
4:45,Night,Yes,No,7448
10:40,Day,Yes,No,7449
22:50,Night,Yes,No,7464
12:25,Day,Yes,No,7470
4:04,Night,No,No,7479
4:06,Night,No,No,7480
8:22,Day,No,No,7481
22:51,Night,No,No,7504
1:37,Night,No,No,7506
1:51,Night,No,No,7507
5:31,Night,No,No,7511
12:31,Day,No,No,7536
2:22,Night,No,No,7549
12:07,Day,No,No,7550
22:14,Night,No,No,7560
21:37,Night,No,No,7581
15:09,Day,No,No,7618
17:33,Day,No,No,7655
21:02,Night,No,No,7665
1:28,Night,No,No,7707
17:52,Day,No,No,7740
18:22,Night,No,No,7758
7:56,Day,No,No,7803
8:11,Day,No,No,7885
20:53,Night,No,No,7892
6:22,Day,No,No,7914
13:44,Day,No,No,7920
1:09,Night,No,No,7966
8:08,Day,No,No,8025
16:06,Day,No,No,8045
23:03,Night,No,No,8051
18:09,Night,No,No,8077
6:06,Day,No,No,8108
10:33,Day,No,No,8114
4:36,Night,No,No,8151
14:11,Day,No,No,8176
8:50,Day,No,Yes,8191
19:30,Night,No,Yes,8214
16:45,Day,No,Yes,8222
18:35,Night,No,Yes,8225
2:44,Night,No,Yes,8245
6:03,Day,No,Yes,8246
19:35,Night,No,Yes,8250
21:30,Night,No,Yes,8251
6:16,Day,No,No,8253
3:28,Night,No,No,8290
11:02,Day,No,No,8298
4:14,Night,No,No,8322
8:26,Day,No,No,8381
21:32,Night,No,No,8431
3:00,Night,Yes,No,8466
18:10,Night,Yes,No,8478
18:27,Night,Yes,No,8479
1:33,Night,No,No,8481
17:14,Day,Yes,No,8498
15:21,Day,Yes,No,8515
4:50,Night,Yes,No,8538
15:29,Day,Yes,No,8548
0:52,Night,No,No,8550
1:10,Night,Yes,No,8552
1:48,Night,No,No,8553
14:21,Day,Yes,No,8556
15:20,Day,Yes,No,8558
21:50,Night,Yes,No,8561
15:50,Day,Yes,No,8568
22:31,Night,No,No,8576
14:48,Day,Yes,No,8581
15:53,Day,Yes,No,8590
16:20,Day,Yes,No,8592
14:07,Day,No,No,8633
19:24,Night,No,No,8715
0:22,Night,No,No,8741
23:14,Night,No,No,8832
22:39,Night,No,No,8889
6:56,Day,No,No,8894
21:43,Night,No,No,8933
19:41,Night,No,No,8967
19:56,Night,No,No,8984
1:53,Night,No,No,9036
7:28,Day,No,No,9063
12:10,Day,No,Yes,9098
13:20,Day,No,Yes,9100
15:20,Day,No,Yes,9102
5:30,Night,No,Yes,9106
9:28,Day,No,No,9139
21:07,Night,No,No,9148
1:02,Night,No,No,9186
7:23,Day,No,No,9187
20:52,Night,No,No,9214
21:19,Night,No,No,9215
0:30,Night,Yes,No,9228
0:49,Night,No,No,9229
17:20,Day,Yes,No,9238
11:55,Day,Yes,No,9244
19:53,Night,No,No,9245
2:43,Night,No,No,9264
4:12,Night,No,No,9265
17:30,Day,Yes,No,9271
15:30,Day,Yes,No,9275
4:43,Night,No,No,9280
11:15,Day,Yes,No,9283
14:10,Day,Yes,No,9286
17:02,Day,No,No,9288
5:41,Night,No,No,9293
5:52,Night,Yes,No,9294
5:15,Night,Yes,No,9305
19:57,Night,Yes,No,9312
22:30,Night,Yes,No,9314
17:10,Day,Yes,No,9319
19:05,Night,Yes,No,9320
9:50,Day,Yes,No,9329
17:50,Day,Yes,No,9337
18:08,Night,Yes,No,9338
18:37,Night,Yes,No,9339
18:03,Night,No,No,9353
11:56,Day,No,No,9365
17:23,Day,No,No,9371
3:56,Night,No,No,9377
0:56,Night,No,No,9394
7:47,Day,No,No,9417
20:08,Night,No,No,9427
12:47,Day,No,No,9449
22:58,Night,No,No,9488
3:07,Night,No,No,9514
17:56,Day,No,No,9550
18:51,Night,No,No,9551
21:01,Night,No,No,9553
18:52,Night,No,No,9565
0:43,Night,No,No,9586
15:23,Day,No,No,9596
6:51,Day,No,No,9605
7:53,Day,No,No,9624
11:08,Day,No,No,9645
15:12,Day,No,No,9649
4:54,Night,No,No,9672
15:22,Day,No,No,9685
0:09,Night,No,No,9761
0:58,Night,No,No,9778
2:06,Night,No,No,9779
19:44,Night,No,No,9802
0:03,Night,No,No,9804
10:54,Day,No,No,9818
15:28,Day,No,No,9823
6:59,Day,No,No,9850
9:31,Day,No,No,9851
4:33,Night,No,No,9866
10:58,Day,No,No,9878
0:53,Night,No,No,9887
2:36,Night,No,No,9909
9:30,Day,No,Yes,9911
17:25,Day,No,Yes,9913
0:01,Night,No,Yes,9916
9:32,Day,No,Yes,9917
11:41,Day,No,No,9918
23:30,Night,No,Yes,9925
19:20,Night,No,Yes,9935
8:42,Day,No,No,9943
9:01,Day,No,No,9945
9:40,Day,No,Yes,9946
12:44,Day,No,No,9969
3:49,Night,No,No,10000
20:33,Night,No,No,10037
9:59,Day,No,No,10050
5:17,Night,No,No,10061
20:05,Night,Yes,No,10111
23:59,Night,No,No,10113
6:51,Day,Yes,No,10158
7:44,Day,No,No,10160
21:45,Night,Yes,No,10170
19:49,Night,Yes,No,10209
13:02,Day,No,No,10219
11:50,Day,Yes,No,10225
18:38,Night,No,No,10227
13:52,Day,No,No,10257
2:39,Night,No,No,10303
20:56,Night,No,No,10355
0:06,Night,No,No,10366
20:00,Night,No,Yes,10406
20:11,Night,No,Yes,10410
11:25,Day,No,Yes,10416
21:54,Night,No,No,10421
5:33,Night,No,No,10423
20:51,Night,No,No,10442
11:47,Day,Yes,No,10489
